policy_id,title,keywords,category,category_l,category_m,region_sido,region_zip_first,age_min,age_max,age_limit_yn,income_condition,marriage_code,apply_period_type,apply_period_raw,biz_start,biz_end,provider_main,provider_operator,apply_url,ref_url_1,ref_url_2,raw_expln,raw_support,raw_snippet,notes,created_at,updated_at
20250719005400211466,2025년 청년도전지원사업(원주시),"교육지원,맞춤형상담서비스,보조금,장기미취업청년",취업·일자리,일자리,취업,강원특별자치도,51130,18.0,34.0,N,,결혼 여부 상관없음,기간모집,20250721 ~ 20250930,20250101.0,20251231.0,고용노동부,,https://forms.gle/35Dr51sLkNxSBvBH8,,,"18~34세 청년들에게 맞춤형 프로그램을 제공하여 구직의욕 고취, 노동시장 참여 및 취업 촉진 지원","1. 맞춤형 프로그램 무료 제공
  밀착상담, 사례관리, 자신감 회복, 진로 탐색, 취업역량 강화 등

2. 이수자에게 인센티브 지급
  단기(5주) - 참여수당(50만원)
  중기(15주) - 참여수당(150만원), 이수인센티브(20만원)
  장기(25주) -  참여수당(250만원), 이수인센티브(20만원), 취업활동시(30만원)
  ※ 중기, 장기 이수자 중 6개월 이내 취(창)업 + 3개월 근속 시, 50만원 추가 지원

3. 이수 후 국민취업지원제도, 일경험, 직업훈련 등 연계 가능","18~34세 청년들에게 맞춤형 프로그램을 제공하여 구직의욕 고취, 노동시장 참여 및 취업 촉진 지원",재미있는 유익한 프로그램이 많으니 참여하시어 좋은 경험을 놓치지 마세요.,2025-07-19 10:52:56,2025-07-21 11:18:46
20250618005400211062,지역청년 참여 네트워크 구축 및 활성화,맞춤형상담서비스,기타,참여권리,청년참여,강원특별자치도,51110,18.0,45.0,N,,결혼 여부 상관없음,기간모집,20250101 ~ 20251231,20250101.0,20251231.0,강원특별자치도,재단법인강원특별자치도경제진흥원,,,,지역 청년과 연계·협업을 통해 지역·권역별 자체적인 청년 이슈 공론 및 정책 참여 유도,"강원 청년 역량강화 및 소통 워크숍, 도내 청년단체 협업 및 연계 프로젝트 추진",지역 청년과 연계·협업을 통해 지역·권역별 자체적인 청년 이슈 공론 및 정책 참여 유도,,2025-06-18 18:59:52,2025-06-25 10:16:24
20250618005400211061,강원청년센터 운영,맞춤형상담서비스,기타,참여권리,청년참여,강원특별자치도,51110,18.0,45.0,N,,결혼 여부 상관없음,기간모집,20250101 ~ 20251231,20250101.0,20251231.0,강원특별자치도,재단법인강원특별자치도경제진흥원,,,,"청년의 정책 인지도, 체감도를 높이고 안정적 지역정착 기반이 될 수 있는 청년정책 온·오프라인 지원체계 구축","청년포털 운영, 청년 소통·교류 활성화, 청년의 날, 네트워킹 데이 등 청년행사 기획·수행, 청년 역량강화 교육 지원 등","청년의 정책 인지도, 체감도를 높이고 안정적 지역정착 기반이 될 수 있는 청년정책 온·오프라인 지원체계 구축",,2025-06-18 18:56:44,2025-06-25 10:17:18
20250618005400211059,청년층 정신건강 서비스 강화,맞춤형상담서비스,소득·생활,복지문화,건강,강원특별자치도,51110,19.0,34.0,N,,결혼 여부 상관없음,기간모집,20250101 ~ 20251231,20250101.0,20251231.0,강원특별자치도,,https://gwssa.or.kr:447/document/youth_service,,,지역청년이 주체가 되어 지역사회서비스를 개발 및 제공함으로써 청년의 사회활동 참여 기회 보장과 지역주민 삶의 질 향상,"도민 심리지원 서비스, 청년 신체 건강증진 서비스, 일상 돌봄 서비스 ㅔㅈ공 등",지역청년이 주체가 되어 지역사회서비스를 개발 및 제공함으로써 청년의 사회활동 참여 기회 보장과 지역주민 삶의 질 향상,,2025-06-18 18:48:02,2025-07-16 17:17:21
20250618005400211058,자립준비청년 자립정착금 지원,보조금,소득·생활,복지문화,취약계층 및 금융지원,강원특별자치도,51110,15.0,18.0,N,,결혼 여부 상관없음,기간모집,20250101 ~ 20251231,20250101.0,20251231.0,강원특별자치도,강원특별자치도,,,,자립준비청년에게 자립정착금을 지급하여 보호 종료 후 경제적 부담을 완화하고 복지향상을 통해 안정적인 사회정착 도모,"18세 이상 아동복지시설 및 가정위탁 보호 종료된 자립준비청년 1인 1,000만원 지원(2회 분할 지급)",자립준비청년에게 자립정착금을 지급하여 보호 종료 후 경제적 부담을 완화하고 복지향상을 통해 안정적인 사회정착 도모,,2025-06-18 18:43:27,2025-07-16 17:17:54
20250618005400211057,자립준비청년 자립수당 지원,보조금,소득·생활,복지문화,취약계층 및 금융지원,강원특별자치도,51110,15.0,18.0,N,,결혼 여부 상관없음,기간모집,20250101 ~ 20251231,20250101.0,20251231.0,강원특별자치도,,www.bokjiro.go.kr,,,자립준비청년에게 자립수당을 지급하여 보호 종료 후 경제적 부담을 완화하고 복지향상을 통해 안정적인 사회정착 도모,"아동복지시설, 가정위탁 보호종료 5년 이내 아동 중 보호종료일을 기준으로 과거 2년이상 연속하여 보호를 받은 18세 이후 보호종료자 대상 1인 월 50만원 지원(최대 5년)",자립준비청년에게 자립수당을 지급하여 보호 종료 후 경제적 부담을 완화하고 복지향상을 통해 안정적인 사회정착 도모,,2025-06-18 18:36:48,2025-07-16 17:16:21
20250618005400211056,청년농업인 정책자금 이차보전 지원,"보조금,금리혜택",소득·생활,복지문화,취약계층 및 금융지원,강원특별자치도,51110,18.0,40.0,N,,결혼 여부 상관없음,기간모집,20250101 ~ 20251231,20250101.0,20251231.0,강원특별자치도,,,,,청년농 영농정착을 위한 정부정책자금 실행 후 융자금 상환 시 직면하는 경제적 부담을 최소화하여 안정적인 영농활동 도모,"(지원내용) 당해 연도 거치기간 납부 이자 50% 지원(최대 3백만원) 
(지원시기) 지원대상자 이자납부 후 12월 지급 
(지원기간) 매년 사업 대상자를 선정, 정책자금별 거치기간 동안 지원",청년농 영농정착을 위한 정부정책자금 실행 후 융자금 상환 시 직면하는 경제적 부담을 최소화하여 안정적인 영농활동 도모,,2025-06-18 18:32:11,2025-07-16 17:14:48
20250618005400211055,청년 재가 중증장애인 자산형성 지원,보조금,소득·생활,복지문화,취약계층 및 금융지원,강원특별자치도,51110,15.0,34.0,N,기준중위소득 100% 이하,결혼 여부 상관없음,기간모집,20250101 ~ 20251231,20250101.0,20251231.0,강원특별자치도,,,,,경제적으로 취약한 청년 재가 중증장애인의 자립 기반 및 역량 강화를 위해 자산형성사업 지원,"매월 15만원 이상 본인 저축시 월 15만원 지원, 3년 만기",경제적으로 취약한 청년 재가 중증장애인의 자립 기반 및 역량 강화를 위해 자산형성사업 지원,,2025-06-18 18:28:27,2025-07-16 17:14:28
20250618005400211054,대학일자리플러스센터 지원,교육지원,취업·일자리,일자리,취업,강원특별자치도,51110,19.0,34.0,N,,결혼 여부 상관없음,기간모집,20250101 ~ 20251231,20250101.0,20251231.0,강원특별자치도,,,,,도내 대학을 통해 청년들에게 진로 및 취창업 지원 등 공간적·기능적 종합서비스 제공,"진로지도 및 취업컨설팅, 취업역량강화 프로그램 운영 등, 지역청년고용 거버넌스 구축·운영",도내 대학을 통해 청년들에게 진로 및 취창업 지원 등 공간적·기능적 종합서비스 제공,,2025-06-18 18:20:15,2025-06-25 10:27:35
20250618005400211053,지역혁신중심 대학지원체계,교육지원,교육·훈련,교육,미래역량강화,강원특별자치도,51110,,,Y,,결혼 여부 상관없음,기간모집,20250502 ~ 20250520,20250601.0,20260228.0,강원특별자치도,재단법인강원인재원,www.gwrise.or.kr,,,"- 대학과 지역이 상호 연계·협력하는 생태계 구축을 통해 강원특별자치도가 추구하는 「미래산업 글로벌 도시」 실현
- 도내 16개 대학을 중심으로 지산학연이 협력하는 지역혁신을 통해 대학이 도 전역의 성장동력이 되는 대학도시 생태계 구축","지원사업 : 강원RISE 4개 프로젝트 5개 단위과제 
(강원 전략산업 육성) 지산학 기반 첨단전략산업 육성
(지역 정주형 인재양성) 지역 취업·정주형 특성화 대학 육성
(강원 스타트업 허브 조성) 로컬창업 큐브 운영
(대학주도형 지역현안 해결) 지역위기대응 공동연구소 G-Lab 구축, 외국인 유학생 시티즌 프로젝트",- 대학과 지역이 상호 연계·협력하는 생태계 구축을 통해 강원특별자치도가 추구하는 「미래산업 글로벌 도시」 실현 - 도내 16개 대학을 중심으로 지산학연이 협력하는 지역혁신을 통해 대학이 도 전역의 성장동력이 되는 대학도시 생태계 구축,,2025-06-18 18:15:08,2025-07-16 17:14:04
20250618005400211052,공중보건장학제도 운영,"보조금,교육지원",취업·일자리,일자리,취업,강원특별자치도,51110,,,Y,,결혼 여부 상관없음,기간모집,20250101 ~ 20251231,20250101.0,20251231.0,강원특별자치도,,,,,공공의료에 사명감을 갖춘 학생을 선발하여 전문 의료인력으로 양성하고 향후 지역에 근무하게 함으로써 지역 의료격차 해소에 기여,"- 취약지 전문의료인력 확보를 위한 장학금 지원
-  졸업후 장학금을 지원받은 기간(최소 2년 ~ 최대 5년)만큼 의무적으로 도내 공공보건의료 수행기관에서 복무",공공의료에 사명감을 갖춘 학생을 선발하여 전문 의료인력으로 양성하고 향후 지역에 근무하게 함으로써 지역 의료격차 해소에 기여,,2025-06-18 18:09:25,2025-07-16 17:00:49
20250618005400211049,SW중심대학 지원,교육지원,교육·훈련,교육,미래역량강화,강원특별자치도,51110,19.0,34.0,N,,결혼 여부 상관없음,기간모집,20250101 ~ 20251231,20250101.0,20251231.0,강원특별자치도,,,,,K-ICT 전략의 성공적 수행과 SW중심 사회를 선도할 창의·융합적 문제 해결 능력을 갖춘 도내 SW인재 양성,"- 추진대상 : 4개 대학, 기 선정(한라대, 한림대), 신규공모 신청(강원대, 카톨릭관동대)\
- 주요내용
   (체계개편) 학과통합 등 대학 주도 SW 중심 교육체계 개편 운영
   (역량강화) 산학 프로젝트, 인턴십 등 기업 수요 반영 현장중심 교육
   (융합교육) 융합전공 및 전교생 대상 SW기초교육 등 SW융합인력 확대
   (가치확산) 초중고 대상 SW캠프, 소외계층 SW교육 등 프로그램 운영",K-ICT 전략의 성공적 수행과 SW중심 사회를 선도할 창의·융합적 문제 해결 능력을 갖춘 도내 SW인재 양성,,2025-06-18 18:03:51,2025-07-16 17:13:43
20250618005400211047,강원형 미래인력양성,교육지원,취업·일자리,일자리,취업,강원특별자치도,51110,,,Y,,결혼 여부 상관없음,기간모집,20250101 ~ 20251231,20250101.0,20251231.0,강원특별자치도,재단법인강원특별자치도경제진흥원,https://www.gwep.or.kr/bbs/board.php?bo_table=gw_sub21&wr_id=3134,,,도내 주요 산업 현장에서 파악된 구인 수요를 기반으로 전문 교육기관을 활용한 구직자 직무교육 실시 후 수요기업 채용 연계,"- 주요산업(의료기기, 바이오 등) 및 신산업(ICT/SW, 미래차 등) 분야 관련 기업의 요구에 따른 맞춤형 훈련과정 개설 및 채용 연계(훈련기관 공모, 채용협약 등 추진)
- 기타(고용 이슈 대응) 분야, 기타 고용 현안(기업유치, 사업확대, 산업활성화 등)에 따른 수요 요청이 있는 산업계 및 기업 대상 직업훈련 및 인력 공급",도내 주요 산업 현장에서 파악된 구인 수요를 기반으로 전문 교육기관을 활용한 구직자 직무교육 실시 후 수요기업 채용 연계,,2025-06-18 17:53:40,2025-07-16 17:00:25
20250618005400211044,지역 청년 무역인력 인턴십 지원 사업,교육지원,취업·일자리,일자리,취업,강원특별자치도,51110,,,Y,,결혼 여부 상관없음,기간모집,20250301 ~ 20251130,20251201.0,20260228.0,강원특별자치도,산학협력단,https://uicf.kangwon.ac.kr/,,,도내 기업 인력난과 청년 취업난을 동시에 극복하고 산·관·학 상생 네트워크 내실화 도모,GTEP 수료(예정) 학생에게 도내 수출기업의 e-커머스 마케팅분야 인턴십 제공 및 정규직 채용 유도,도내 기업 인력난과 청년 취업난을 동시에 극복하고 산·관·학 상생 네트워크 내실화 도모,,2025-06-18 17:37:54,2025-07-16 17:00:07
20250618005400111043,지역특화 청년무역 전문가 양성사업,교육지원,취업·일자리,일자리,취업,강원특별자치도,51110,20.0,29.0,N,,결혼 여부 상관없음,기간모집,20250101 ~ 20251231,20250101.0,20251231.0,강원특별자치도,산학협력단,,,,"국제무역 이론교육 및 무역현장 마케팅 실습 등을 통해 도내 대학을 무역실무 교육 거점 대학으로 육성, 학생들을 글로벌 무역 전문가로 양성",국제무역 이론교육 등 지역특화 청년무역전문가양성과정 운영 지원,"국제무역 이론교육 및 무역현장 마케팅 실습 등을 통해 도내 대학을 무역실무 교육 거점 대학으로 육성, 학생들을 글로벌 무역 전문가로 양성",,2025-06-18 17:31:28,2025-07-16 16:58:43
20250618005400211041,강원인재육성평생교육진흥원 지원,보조금,교육·훈련,교육,미래역량강화,강원특별자치도,51110,17.0,29.0,N,"저소득층, 사회적 배려계층",결혼 여부 상관없음,기간모집,20250101 ~ 20251231,20250101.0,20251231.0,강원특별자치도,재단법인강원인재원,https://injae.gwd.go.kr/injae,,,강원특별자치도 출신 및 도내 대학생에게 수학 상의 편의를 제공하고 특정 분야의 우수한 소질을 갖춘 미래인재를 발굴·육성,"도 출신 학생, 도내 대학생 대상 장학금 지원, 미래인재 선발·지원, 평생교육 진흥",강원특별자치도 출신 및 도내 대학생에게 수학 상의 편의를 제공하고 특정 분야의 우수한 소질을 갖춘 미래인재를 발굴·육성,,2025-06-18 17:21:40,2025-07-16 16:56:34
20250610005400210906,2025 홍천군 청년 일경험 지원사업,인턴,취업·일자리,일자리,취업,강원특별자치도,51720,18.0,39.0,N,,결혼 여부 상관없음,기간모집,20250609 ~ 20250620,20250701.0,20251231.0,경제진흥국,경제진흥국,,,,기업의 다양한 직무경험을 통해 자신에게 맞는 진로 탐색과 실무역량을 강화하여 청년 채용 연계,"- 기업이 청년을 채용(인턴)할 경우, 청년 인건비 및 교통비 월200만원을 6개월 지원
   · 인건비 200만원(군비 90%, 기업자부담 10%), 교통비 20만원(군비100%)
   ※ 인턴 기간(6개월) 종료 후, 해당 기업에서 청년을 정규직으로 채용 할 경우 6개월 추가 지원",기업의 다양한 직무경험을 통해 자신에게 맞는 진로 탐색과 실무역량을 강화하여 청년 채용 연계,,2025-06-10 16:06:19,2025-06-12 12:27:39
20250618005400211063,청년마을 만들기 지원,보조금,기타,참여권리,청년참여,강원특별자치도,51110,,,Y,,결혼 여부 상관없음,기간모집,20250101 ~ 20250430,20250501.0,20251231.0,강원특별자치도,,,,,청년이 지역에서 새로운 삶의 기회를 찾을 수 있도록 지원하고 인구 유출 지역에 활력을 제고,"청년의 지역 탐색·조사, 일거리 실험, 청년 활동공간 확보, 지역 내외부와 관계맺기 활동, 홍보 등",청년이 지역에서 새로운 삶의 기회를 찾을 수 있도록 지원하고 인구 유출 지역에 활력을 제고,,2025-05-18 19:03:11,2025-06-25 10:16:04
20250618005400211060,청년예술인 지원,보조금,소득·생활,복지문화,예술인지원,강원특별자치도,51110,,,Y,,결혼 여부 상관없음,기간모집,20250101 ~ 20250331,20250401.0,20251231.0,강원특별자치도,재단법인강원문화재단,,,,"도내 역량 있는 젊은 예술가의 발굴·지원을 통한 창작저변 확대, 독창적이고 참신한 예술작품 발굴로 강원문화예술 발전 토대 마련",도내 거주 활동하고 있는 만 45세 이하의 청년예술인 대상 문화예술 창작활동 지원,"도내 역량 있는 젊은 예술가의 발굴·지원을 통한 창작저변 확대, 독창적이고 참신한 예술작품 발굴로 강원문화예술 발전 토대 마련",,2025-05-18 18:51:52,2025-06-25 10:17:43
20250512005400210809,속초시 청년 이사비용 지원사업,보조금,주거지원,주거,주택 및 거주지,강원특별자치도,51210,18.0,45.0,N,중위소득 150% 이하,결혼 여부 상관없음,상시모집,,,,속초시,,,,,"학업, 취·창업 등 지역 정착을 위해 전입하는 무주택 청년들에게 이사비용을 지원하여 주거 안정을 도모","ㅇ (사업 기간) ’25. 1. ~ 예산소진 시
 ㅇ (사업 대상) 2025. 1. 1.이후 관외에서 속초시로 또는 관내 전입하는 무주택 청년가구
    - (연령 기준) 18세 ~ 45세
    - (소득 기준) 중위소득 150% 이하
    - (기타 조건)
     * 청년이 세대주 및 전·월세 계약자 본인이어야 함
     * 주민등록상 동거인(가족 등) 이 있는 경우에도 지원 가능
     * 외국인, 재외국민 등은 지원대상 아님
 ㅇ (사업 내용) 이사비 및 부동산 중개수수료 포함하여 1인당 최대 50만원 이내 실비 지원 (생애 1회)
    -이사비용 : 차량대여비, 운반비, 포장비
    -부동산 중개수수료","학업, 취·창업 등 지역 정착을 위해 전입하는 무주택 청년들에게 이사비용을 지원하여 주거 안정을 도모",,2025-05-12 10:19:05,2025-05-12 10:52:16
20250512005400210808,속초시 청년 취업자격증 취득 응시료 지원사업,교육지원,취업·일자리,일자리,취업,강원특별자치도,51210,18.0,45.0,N,중위소득 150% 이하,결혼 여부 상관없음,상시모집,,20250101.0,20251231.0,속초시,,,,,취업난으로 어려움을 겪는 청년들에게 취업 준비 시 필요한 자격증 응시료를 지원하여 취업능력개발을 지원하고 구직활동으로 인한 경제적 부담 완화로 실질적인 취업지원 도모,"ㅇ (사업 기간) ’25. 1. ~ 예산소진 시
ㅇ (사업 대상) 시험응시일 기준 주민등록상 속초시 거주 구직 청년
 - (연령 기준) 18세 ~ 45세
 - (소득 기준) 중위소득 150% 이하
 - (기타 조건) 2025. 1. 1. 이후 시행된 자격증 시험 실응시자
 ※ 2회 이상 신청 시 첫 번째 신청 이후 관외 전출 이력 있는 자 신청불가
ㅇ (사업 내용) 1인 연 20만원 이내 응시료 실비지원(지원 횟수 제한 無)
 - (자격증) 국가기술자격증, 국가전문자격증, 국가공인민간자격
※ 자격증 세부 내역은 한국산업인력공단 Q-Net에서 확인가능
 - (어학시험) 토익, 토익스피킹, 토플, 오픽, 텝스, 아이엘츠, HSK, JPT 등
 - (한국사) 한국사능력검정시험(기본, 심화)
※ 국가기술자격, 국가전문자격, 국가공인민간자격 세부종목은 Q-Net(www.q-net.or.kr)홈페이지를 통해 확인 가능",취업난으로 어려움을 겪는 청년들에게 취업 준비 시 필요한 자격증 응시료를 지원하여 취업능력개발을 지원하고 구직활동으로 인한 경제적 부담 완화로 실질적인 취업지원 도모,,2025-05-12 09:51:18,2025-05-12 17:11:53
20250502005400210782,대학 상생협력 강화,교육지원,기타,참여권리,정책인프라구축,강원특별자치도,51110,,,Y,,결혼 여부 상관없음,상시모집,,,,경제진흥국,,https://www.chuncheon.go.kr/cityhall/,https://www.chuncheon.go.kr/cityhall/,,춘천시와 관내 대학의 산학협력 인프라 구축을 통한 미래인재 양성 지원,"대학도시정책협의회(시장+대학총장) 운영: 지역 상생협력 방안 논의, 대학협력협의회(강원대+한림대): 인적자원 DB구축을 통한 협력체계 구축, 대학도시 춘천포럼(지역문제 해결을 위한 정책개발 및 연구) 개최 등 시와 대학의 상호 협력체계를 통한 상생 협력을 강화하고대학과의 산학협력 인프라 구축을 통한 미래인재 양성 지원",춘천시와 관내 대학의 산학협력 인프라 구축을 통한 미래인재 양성 지원,,2025-05-02 16:01:26,2025-09-04 14:22:19
20250502005400210775,신혼부부 주거자금 대출이자 지원,보조금,주거지원,주거,전월세 및 주거급여 지원,강원특별자치도,51110,,,Y,최대 8000,미혼,기간모집,20250601 ~ 20250630,20250101.0,20251231.0,강원특별자치도,강원특별자치도,https://easy.gwd.go.kr/dg/benefits/searching,,,결혼 초기 주거자금 지원을 통한 안정적인 가족 형성 및 인구감소 문제 극복,"신혼부부 가구 전·월세 대출금 이자 상환액 지원(대출잔액 1억원 한도 내, 최대 연 3.0%, 최대 2년)",결혼 초기 주거자금 지원을 통한 안정적인 가족 형성 및 인구감소 문제 극복,,2025-05-02 11:35:45,2025-05-07 18:00:02
20250502005400210769,"맞춤형 인구정책, 건강한 인구구조 조성",보조금,소득·생활,복지문화,취약계층 및 금융지원,강원특별자치도,51110,,,Y,,결혼 여부 상관없음,상시모집,,,,기획행정국,,https://www.chuncheon.go.kr/cityhall/,https://www.chuncheon.go.kr/cityhall/,,춘천시의 저출산‧고령화 등 인구구조 변화에 대응하기 위한 인구정책 수립 및 추진,"- 전입대학생 대상 장려금 지급   * 기존 조례 폐지전 지급확정자 한정
- 신규 조례 제정 후 새로운 인구 정책사업 발굴 및 추진",춘천시의 저출산‧고령화 등 인구구조 변화에 대응하기 위한 인구정책 수립 및 추진,,2025-05-02 10:37:17,2025-09-04 14:26:23
20250501005400210764,대학별 특화과정 운영,교육지원,교육·훈련,교육,미래역량강화,강원특별자치도,51110,,,Y,,결혼 여부 상관없음,상시모집,,20250401.0,20251231.0,경제진흥국,,https://www.chuncheon.go.kr/cityhall/,https://www.chuncheon.go.kr/cityhall/,,대학별 특화과정 운영지원,"춘천시의 대학별 특화과정 운영을 지원해 지역의 교육·산업 분야 인재양성체계 구축에 기여하고, 지역과 대학 간 동반자적 관계 형성에 이바지",대학별 특화과정 운영지원,,2025-05-01 17:58:59,2025-09-04 14:21:14
20250501005400210763,대학문화 활성화,교육지원,교육·훈련,교육,미래역량강화,강원특별자치도,51110,,,Y,,결혼 여부 상관없음,상시모집,,,,경제진흥국,,https://www.chuncheon.go.kr/cityhall/,https://www.chuncheon.go.kr/cityhall/,,춘천시의 대학생들과 시민이 함께하는 대학축제를 통한 건전한 대학문화 정착,"춘천시의 대학과 시민이 함께하는 대학연합축제 개최를 통해 건전한 대학문화 정착, 성과 공유회 개최",춘천시의 대학생들과 시민이 함께하는 대학축제를 통한 건전한 대학문화 정착,,2025-05-01 17:50:04,2025-09-04 14:25:26
20250501005400210760,"화동, 2571 운영",교육지원,취업·일자리,일자리,창업,강원특별자치도,51110,,,Y,,결혼 여부 상관없음,상시모집,,20250101.0,20271231.0,농업기술센터,,https://www.chuncheon.go.kr/cityhall/,https://www.chuncheon.go.kr/cityhall/,,춘천시 청년들의 식품 산업 창작공간 및 로컬문화 향유 공간 조성 운영,"식품산업 창업, 복합문화공간 및 스마트 외식 공간 운영 등을 통해 청년의 식품 산업 창작 공간 및 로컬 문화 향유의 공간을 조성하고, 춘천의 대표 먹거리 복합문화 공간으로 도약",춘천시 청년들의 식품 산업 창작공간 및 로컬문화 향유 공간 조성 운영,,2025-05-01 16:48:50,2025-09-04 14:34:13
20250501005400210759,화천군 산모를 위한 가사지원 서비스(친정엄마 같은 출산지원 바우처),"출산,육아",소득·생활,복지문화,건강,강원특별자치도,51790,,,Y,,결혼 여부 상관없음,상시모집,,20250101.0,20251231.0,지역경제과,,,,,출산 후 1년 이내 산모들에게 방문형 가사지원서비스를 제공하여 산후 회복을 지원하고 산모들의 가사 부담을 완화하여 일과 가정의 양립할 수 있는 환경을 제공함으로써 출산율 제고 및 삶의 질 향상 도모,"- 서비스 내용 
   : 가정방문을 통한 가사지원 서비스 제공
     / 가사방문을 통한 청소, 세탁, 정리정돈, 취사 등 가사지원 서비스 
 - 서비스 제공기간 : 신청 후 1년 이내  
 - 서비스 가격 및 본인부담금(월)/ 
 - 서비스 대상 
       1순위 : 출산 후 1년 이내 산모 중, 한부모 또는 장애인
       2순위 : 출산 후 1년 이내 산모 중 만12세 이하 자녀가 있는 가구
       3순위 : 그 외 출산 후 1년 이내 산모",출산 후 1년 이내 산모들에게 방문형 가사지원서비스를 제공하여 산후 회복을 지원하고 산모들의 가사 부담을 완화하여 일과 가정의 양립할 수 있는 환경을 제공함으로써 출산율 제고 및 삶의 질 향상 도모,,2025-05-01 16:40:00,2025-06-26 15:33:46
20250501005400210753,청년창업 우수기업 인증제,교육지원,취업·일자리,일자리,창업,강원특별자치도,51110,19.0,39.0,N,,결혼 여부 상관없음,기간모집,20250425 ~ 20250515,,,경제진흥국,,https://www.chuncheon.go.kr/cityhall/,https://www.chuncheon.go.kr/cityhall/,,창의적인 아이디어를 가진 춘천시의 청년창업가 성장 지원,"관내의 청년창업가 중 우수기업을 선정하여 우수기업 인증서 및 인증패 수여, 해당 기업에게는 지원사업 우대 및 투자연계,  2천만원 이하 우선 수의계약, 홍보(시정소식지 수록) 등 지원 예정. 또한, 춘천시 및 관내 기관 지원사업 우대(박참회 참가지원사업,각종 지원행사 등)",창의적인 아이디어를 가진 춘천시의 청년창업가 성장 지원,,2025-05-01 15:19:05,2025-09-04 14:30:47
20250501005400210752,화천군 일자리 센터 운영,맞춤형상담서비스,취업·일자리,일자리,취업,강원특별자치도,51790,,,Y,,결혼 여부 상관없음,상시모집,,20250101.0,20251231.0,지역경제과,,,,,구인구직 고용 서비스 지원,"고용서비스 지원
- 구직상담, 취업알선, 구직역량강화 교육",구인구직 고용 서비스 지원,,2025-05-01 15:10:30,2025-06-26 15:48:07
20250501005400210750,근화동396 청년창업공간 운영,교육지원,취업·일자리,일자리,창업,강원특별자치도,51110,19.0,39.0,N,,결혼 여부 상관없음,상시모집,,,,경제진흥국,,http://hello-p6.com/kr,http://hello-p6.com/kr,https://blog.naver.com/hello-p6,춘천시에 거주 중인 청년창업가의 참여기회를 확대하고 역량을 제고하는 창업허브구축,"춘천시의 청년 창업가들에게 로컬청년창업 입주지원, 교육, 사업화지원, 마켓 등 판로 지원 등의 혜택을 제공, 청년 창업가들로 하여금 지역기반의 로컬브랜드 대표 모델 발굴 및 육성을 통한 창업생태계 강화를 목표로 함",춘천시에 거주 중인 청년창업가의 참여기회를 확대하고 역량을 제고하는 창업허브구축,,2025-05-01 14:53:36,2025-09-04 14:23:55
20250501005400210749,공공산후조리원 운영,"육아,출산",소득·생활,복지문화,건강,강원특별자치도,51790,,,Y,,결혼 여부 상관없음,상시모집,,20250101.0,20251231.0,보건의료원,,,,,산모의 산후 회복 및 신생아 건강관리를 위한 수준 높은 공공서비스 제공으로 출생가구의 경제적 부담 완화 및 건강한 출산 지원,"연중 
- 총 5실(산모실) 운영, 기본 1인 2주 이용으로 수용 가능인원 월 최대 10명
- 산모 산후 회복 지원 및 신생아 건강관리 
- 매주, 격주 요일 프로그램 실시",산모의 산후 회복 및 신생아 건강관리를 위한 수준 높은 공공서비스 제공으로 출생가구의 경제적 부담 완화 및 건강한 출산 지원,,2025-05-01 14:48:46,2025-06-26 15:53:33
20250501005400210748,대학생 희망 일자리,인턴,취업·일자리,일자리,취업,강원특별자치도,51790,,,Y,,결혼 여부 상관없음,기간모집,20250701 ~ 20250731,,,자치행정과,자치행정과,,,,지역 내 대학생들에게 일자리 제공을 통한 축제 프로그램의 효율적 운영과 지역주민 축제 참여 도모,2025년 산천어축제 및 토마토 축제 대학생 도우미 모집,지역 내 대학생들에게 일자리 제공을 통한 축제 프로그램의 효율적 운영과 지역주민 축제 참여 도모,,2025-05-01 14:43:18,2025-06-26 15:54:13
20250430005400210744,대학생 행정체험 운영·관리,"금리혜택,인턴",취업·일자리,일자리,취업,강원특별자치도,51110,,,Y,,결혼 여부 상관없음,기간모집,20250612 ~ 20250613,,,경제진흥국,,www.chuncheon.go.kr,https://www.chuncheon.go.kr/cityhall/,,방학기간 동안 춘천시 대학생에게 취업 기회를 제공하여 등록금 마련 등 경제적 자립능력 배양,"대학생의 방학기간인 동·하절기에 각각 70 명 내외의 대학생 선발, 행정 체험을 통해 취업 역량 제고와 경제적 자립 능력 배양.",방학기간 동안 춘천시 대학생에게 취업 기회를 제공하여 등록금 마련 등 경제적 자립능력 배양,체험 기간: 2025. 7. 7.(월) ~ 2025. 7. 25.(금)(3주간),2025-04-30 17:32:16,2025-09-04 14:40:23
20250430005400210742,청년어업인 영어정착 지원,보조금,취업·일자리,일자리,창업,강원특별자치도,51110,18.0,40.0,N,,결혼 여부 상관없음,기간모집,20250101 ~ 20251231,20250101.0,20251231.0,해양수산부,강원특별자치도,,,,창업 초기 청년어업인 안정적인 어촌 정착을 지원하여 어촌 이탈방지 및 어촌 정착 활성화 도모,"청년어업인 경력에 따라 정착지원금 차등 지급(1년 110만원, 2년 100만원, 3년 90만원)",창업 초기 청년어업인 안정적인 어촌 정착을 지원하여 어촌 이탈방지 및 어촌 정착 활성화 도모,,2025-04-30 17:06:34,2025-06-26 15:56:45
20250430005400210741,청년근로자 복리후생 지원,중소기업,취업·일자리,일자리,재직자,강원특별자치도,51110,19.0,39.0,N,"2025년도 기준 중위소득 130%이하인 자 (1인 기준 월 소득 3,109,617원 이하)",결혼 여부 상관없음,기간모집,20250421 ~ 20250509,,,경제진흥국,,https://easy.gwd.go.kr/,https://easy.gwd.go.kr/,,춘천시의 중소기업에서 근무하는 청년근로자의 복지 향상을 통한 근로의욕 고취 및 장기재직 유도,"중소기업에서 3개월 이상 재직중이며, 춘천시에 주소지를 두고 있는 기준중위소득 130% 이하 청년에게 건강관리, 여가활동, 자기계발 등의 목적으로 사용할 수 있는 상품권 지원.
- 1인당 춘천사랑상품권 100만원(2회 분할지급, 생애 1회)",춘천시의 중소기업에서 근무하는 청년근로자의 복지 향상을 통한 근로의욕 고취 및 장기재직 유도,문의사항 : 춘천시 기업지원과 일자리창출팀(033-250-4434),2025-04-30 17:03:47,2025-09-04 14:38:54
20250425005400210724,2025년 청년창업자금 무이자 대출 지원 사업,금리혜택,취업·일자리,일자리,창업,강원특별자치도,51110,18.0,45.0,N,,결혼 여부 상관없음,기간모집,20250401 ~ 20251231,20250301.0,20251231.0,강원특별자치도,강원신용보증재단,https://untact.koreg.or.kr,,,창업을 희망하는 도내 청년에게 창업자금을 지원하여 지역 정착 유도 및 청년일자리 창출 기대,"업체(개인)당 최대 5천만원이내 대출 지원, 5년간 대출이자 전액 지원",창업을 희망하는 도내 청년에게 창업자금을 지원하여 지역 정착 유도 및 청년일자리 창출 기대,,2025-04-25 15:35:30,2025-04-28 09:24:52
20250425005400210723,2025년 청년 디딤돌 2배 적금 지원사업,중소기업,소득·생활,복지문화,취약계층 및 금융지원,강원특별자치도,51110,18.0,45.0,N,기준 중위소득 150%이하,결혼 여부 상관없음,기간모집,20250430 ~ 20250523,20250101.0,20251231.0,강원특별자치도,강원특별자치도,https://double.gwwell.kr/youth,,,"도내 청년근로자의 경제적 자립과 자산형성, 기업에게는 고용안정과 장기재직을 촉진",매월 20만원 적립금 매칭 지원(청년근로자 10 + 도·시군 10),"도내 청년근로자의 경제적 자립과 자산형성, 기업에게는 고용안정과 장기재직을 촉진",,2025-04-25 15:21:01,2025-04-28 09:24:16
20250425005400210722,2025년 청년 취업준비 쿠폰 지원사업 참여자 모집(3차),장기미취업청년,취업·일자리,일자리,취업,강원특별자치도,51110,18.0,45.0,N,가구원의 가구소득 인정액이 연령별 기준중위소득 요건 충족(만18~34세 이하 120%초과~180%이하 / 35~45세 이하 180%이하),결혼 여부 상관없음,기간모집,20250428 ~ 20250509,20250101.0,20251231.0,강원특별자치도,재단법인강원특별자치도경제진흥원,http://job.gwd.go.kr/gwjob,,,도내 미취업 청년들의 안정적인 취·창업 활동 지원을 통한 일자리 시장 진입을 유도,"(취업준비쿠폰) 월 50만원 씩 6개월간 최대 300만원(포인트) 지원
(취업성공금) 지원금 수급 중 3개월 근속시 현금 50만원 지원
(취업지원서비스) 구직정보안내, 역량강화교육, 취업컨설팅, 사후관리 등",도내 미취업 청년들의 안정적인 취·창업 활동 지원을 통한 일자리 시장 진입을 유도,,2025-04-25 14:58:04,2025-04-28 09:23:43
20250502005400210781,청년발전위원회 운영,중소기업,기타,참여권리,청년참여,강원특별자치도,51110,,,Y,,결혼 여부 상관없음,기간모집,20250403 ~ 20250418,,,기획행정국,,https://www.chuncheon.go.kr/cityhall/administrative-info/notice-info/legislative-notice/view/?notAncmtMgtNo=69378&pageIndex=1#lnk,https://www.chuncheon.go.kr/cityhall/administrative-info/notice-info/legislative-notice/view/?notAncmtMgtNo=69378&pageIndex=1#lnk,,"춘천시 청년 권익증진을 위한 체계적이고 종합적인 시책 추진 지원, 청년들의 정책 참여 기능","청년정책 시행계획 수립‧변경 등 심의, 관련 사업 조정 및 협력 지원. 정기 회의 연 2 회 이상 개최를 통해 다양한 안건 심의, 청년의 목소리를 듣는 소통 창구 마련
□ 임기 : 위촉일로부터 2년
□ 위원회 기능
  - 청년정책 기본계획 및 시행계획의 수립·변경
  - 시행계획의 연도별 추진실적 점검 및 평가
  - 청년정책의 시행을 위한 관련 사업의 조정 및 협력
  - 그 밖에 청년정책의 시행을 위하여 시장이 필요하다고 인정하는 사항","춘천시 청년 권익증진을 위한 체계적이고 종합적인 시책 추진 지원, 청년들의 정책 참여 기능",,2025-04-02 15:54:43,2025-09-04 14:32:22
20250502005400210778,중소기업 근로자 임대보증금 지원,"중소기업,금리혜택",주거지원,주거,전월세 및 주거급여 지원,강원특별자치도,51110,,,Y,,결혼 여부 상관없음,기간모집,20250304 ~ 20250318,,,경제진흥국,,,,,중소기업 근로자의 주거 부담을 완화하고 지역경제 활성화에 기여,"춘천시에 본사 또는 사업장을 둔 중소기업 근로자 중 무주택자에게 주거시설 임대보증금 무이자 지원, 이행보증보험 발급 수수료 등 인당 최대 20백만원 지급",중소기업 근로자의 주거 부담을 완화하고 지역경제 활성화에 기여,,2025-04-02 14:58:18,2025-06-26 15:10:25
20250502005400210777,춘천시 청년농업인 영농정착 지원,"금리혜택,보조금",소득·생활,복지문화,취약계층 및 금융지원,강원특별자치도,51110,19.0,45.0,N,건강보험  확인,결혼 여부 상관없음,기간모집,20250301 ~ 20250331,,,농업기술센터,,https://www.chuncheon.go.kr/cityhall/,https://www.chuncheon.go.kr/cityhall/,,춘천시에 거주 중인 청년농업인들을 지원하여 안정적으로 농업에 종사할 수 있는 여건 조성,"매월 100만원씩 영농정착금 지원(최대 36개월, 3,600만원 지급)",춘천시에 거주 중인 청년농업인들을 지원하여 안정적으로 농업에 종사할 수 있는 여건 조성,,2025-04-02 14:42:07,2025-09-04 14:29:58
20250502005400210768,외국인유학생 시민화 사업,교육지원,교육·훈련,교육,미래역량강화,강원특별자치도,51110,,,Y,,결혼 여부 상관없음,상시모집,,,,국제협력관,,https://www.chuncheon.go.kr/cityhall/,https://www.chuncheon.go.kr/cityhall/,,춘천시에 거주 중인 외국인 유학생의 지역사회 정착 및 교류활성화를 위한 프로그램 운영,"춘천시에 거주 중인 외국인 유학생의 지역사회 정착 및 교류활성화를 위해 명예통역관 위촉, 시티투어 추진, 행정 인턴 프로그램 등을  운영하여 문화 체험, 행정 참여, 사회공헌 기회 제공",춘천시에 거주 중인 외국인 유학생의 지역사회 정착 및 교류활성화를 위한 프로그램 운영,,2025-04-02 10:00:52,2025-09-04 14:03:57
20250502005400210766,청년농업인 육성지원,보조금,취업·일자리,일자리,창업,강원특별자치도,51110,18.0,40.0,N,,결혼 여부 상관없음,기간모집,20250101 ~ 20250331,20250401.0,20251231.0,강원특별자치도,,,,,청년농업인 영농창업 초기 농지 등 농업창업기반 마련으로 조기 영농정착 도모,"(취업농) 농업법인 취업자 지원, 팜쉐어(농지 임차비) 지원
(창업기반) 생산·유통, 제조·가공, 체험·관광 등 초기 창업기반 지원",청년농업인 영농창업 초기 농지 등 농업창업기반 마련으로 조기 영농정착 도모,,2025-04-02 09:38:29,2025-06-26 15:23:28
20250501005400210762,법학전문대학원 장학금 지원,금리혜택,교육·훈련,교육,미래역량강화,강원특별자치도,51110,,,Y,,결혼 여부 상관없음,기간모집,20250901 ~ 20250930,,,경제진흥국,,https://www.chuncheon.go.kr/cityhall/,https://www.chuncheon.go.kr/cityhall/,,춘천시의 전문법률가 양성을 통한 지역경쟁력 강화 및 지역사회 환원,"관내 고교 출신 강원대학교 법학전문대학원생 장학금 지원
   - 상반기 5명, 하반기 5명 / 1인 5,000천원",춘천시의 전문법률가 양성을 통한 지역경쟁력 강화 및 지역사회 환원,,2025-04-01 17:35:17,2025-09-04 14:27:34
20250501005400210758,청년농업인 영농창업기반 조성,교육지원,취업·일자리,일자리,취업,강원특별자치도,51110,19.0,45.0,N,,결혼 여부 상관없음,기간모집,20250408 ~ 20250422,,,농업기술센터,,https://www.chuncheon.go.kr/cityhall/,https://www.chuncheon.go.kr/cityhall/,,춘천시의 영농창업 청년농업인의 초기 자립기반 마련 부담 완화,"영농창업 청년농업인에게 농축산물의 생산·가공·체험 등 영농기반·시설 구축 지원을 통해 초기 자립기반 마련 부담 완화, 농업경영 조기 안정정착 및 우수 농업경영 인력으로 육성을 목표로 함.",춘천시의 영농창업 청년농업인의 초기 자립기반 마련 부담 완화,,2025-04-01 16:31:34,2025-09-04 14:36:51
20250501005400210756,내일설계 프로젝트,맞춤형상담서비스,취업·일자리,일자리,취업,강원특별자치도,51790,,,Y,,결혼 여부 상관없음,기간모집,20250411 ~ 20250417,20250301.0,20251231.0,지역경제과,,,,,"근로능력과 근로의사가 있음에도 취업을 하지 못한 미취업자의 직업적 능력을 개발하고 
노동시장 진입 촉진을 위하여 취업활동 비용 지원","지원분야
- 취업활동비용 : 자격증 취득 교육비, 교재비, 재료비, 시험응시료 등
- 취업지원서비스 : 취업지원 프로그램, 구직활동지원 프로그램",근로능력과 근로의사가 있음에도 취업을 하지 못한 미취업자의 직업적 능력을 개발하고 노동시장 진입 촉진을 위하여 취업활동 비용 지원,,2025-04-01 16:09:58,2025-06-26 15:38:02
20250501005400210755,청년농업인 맞춤형 사업 지원,보조금,취업·일자리,일자리,창업,강원특별자치도,51790,19.0,45.0,N,,결혼 여부 상관없음,57003,,20250401.0,20251231.0,농업기술센터,,,,,"- 청년농업인 안정적 영농기반 확보 등 효율적인 정착체계 구축
- 농업여건 변화에 대응하는 전문 농업경영인 육성으로 농업경쟁력 강화","생산·유통, 제조·가공·상품화, 체험관광, 브랜드 개발, 마케팅 등 지원",- 청년농업인 안정적 영농기반 확보 등 효율적인 정착체계 구축 - 농업여건 변화에 대응하는 전문 농업경영인 육성으로 농업경쟁력 강화,,2025-04-01 15:52:55,2025-06-26 15:38:32
20250501005400210754,청년농업인 경영실습 임대농장 조성,교육지원,취업·일자리,일자리,창업,강원특별자치도,51110,18.0,40.0,N,,결혼 여부 상관없음,기간모집,20250101 ~ 20250131,,,농업기술센터,,https://www.chuncheon.go.kr/cityhall/,https://www.chuncheon.go.kr/cityhall/,,춘천시에서 농업을 시작하고자 하는 청년농업인 경영실습을 위한 임대농장 운영,"영농 경험이 부족한 청년에게 경영실습농장을 임대하여 시설(온실) 농업 운영 경험, 기술 등 영농 창업 기회 제공, 임대 농장을 활용해 창업 후의 실패 가능성을 최소화함",춘천시에서 농업을 시작하고자 하는 청년농업인 경영실습을 위한 임대농장 운영,,2025-04-01 15:29:33,2025-09-04 14:37:42
20250430005400210740,청년농업인 영농정착 지원,보조금,취업·일자리,일자리,창업,강원특별자치도,51110,18.0,40.0,N,건강보험료 소득판정기준 중위소득 140%이하,결혼 여부 상관없음,57003,,20250401.0,20251231.0,농림축산식품부,강원특별자치도,,,,영농 초기 소득이 불안정한 청년농에게 생활안정자금 3년간 지급,"독립경영 기간에 따라 영농정착지원금 차등 지급(1년 110만원, 2년 100만원, 3년 90만원)",영농 초기 소득이 불안정한 청년농에게 생활안정자금 3년간 지급,,2025-03-30 17:00:29,2025-06-26 15:57:23
20250430005400210738,강원 로컬벤처기업 육성,보조금,취업·일자리,일자리,창업,강원특별자치도,51110,,,Y,,결혼 여부 상관없음,기간모집,20250217 ~ 20250309,20250101.0,20251231.0,강원특별자치도,강원창조경제혁신센터,https://ccei.creativekorea.or.kr/gangwon/main.do,,,지역이 가지고 있는 고유의 잠재적 가치를 기반으로 사업적 모델을 창출하는 로컬벤처기업(업력 3~7년 미만 도약기 창업자) 육성,"사업화 자금 지원(최대 30백만원), 도약기 창업자",지역이 가지고 있는 고유의 잠재적 가치를 기반으로 사업적 모델을 창출하는 로컬벤처기업(업력 3~7년 미만 도약기 창업자) 육성,,2025-03-30 16:41:39,2025-06-26 15:58:00
20250430005400210737,G-스타트업 창업도약 지원,보조금,취업·일자리,일자리,창업,강원특별자치도,51110,,,Y,,결혼 여부 상관없음,기간모집,20250106 ~ 20250126,20250101.0,20251231.0,강원특별자치도,,https://ccei.creativekorea.or.kr/gangwon/main.do,,,도약기(창업 3~7년) 창업기업의 데스벨리 극복을 통한 생존율 제고 및 매출 극대화를 위한 제품경쟁력 강화,"사업화 자금지원(최대 30백만원), 사업모델 개선",도약기(창업 3~7년) 창업기업의 데스벨리 극복을 통한 생존율 제고 및 매출 극대화를 위한 제품경쟁력 강화,,2025-03-30 16:29:00,2025-06-26 15:58:27
20250430005400210736,청년근로자 근속장려금 지원,중소기업,취업·일자리,일자리,재직자,강원특별자치도,51150,19.0,34.0,N,,결혼 여부 상관없음,기간모집,20250224 ~ 20250307,20250101.0,20251231.0,강릉시,,https://www.gn.go.kr/yeyak/selectUserOnlineReceptionView.do?key=5540&programKey=19,https://www.gn.go.kr/yeyak/index.do,https://www.gn.go.kr/www/selectBbsNttView.do?key=258&bbsNo=12&nttNo=178860,관내 중소기업에서 정규직으로 2년 이상 재직 중인 청년근로자에게 근속장려금을 강릉사랑상품권으로 지급,근속장려금 50만 원 지급,관내 중소기업에서 정규직으로 2년 이상 재직 중인 청년근로자에게 근속장려금을 강릉사랑상품권으로 지급,,2025-03-30 16:00:38,2025-05-07 17:10:47
20250430005400210735,G-스타트업 초기창업 지원,보조금,취업·일자리,일자리,창업,강원특별자치도,51110,,,Y,,결혼 여부 상관없음,기간모집,20250106 ~ 20250126,20250101.0,20251231.0,강원특별자치도,강원창조경제혁신센터,https://ccei.creativekorea.or.kr/gangwon/main.do,,,창업 1년 이상 3년 미만의 창업기업에 창업 초기에 필요한 교육지원 등 지속적인 사업화지원을 통해 청년사업가 창업 성공률 향상 도모,"사업화 자금 지원(최대 40백만원), 전문 AC프로그램 운영 등",창업 1년 이상 3년 미만의 창업기업에 창업 초기에 필요한 교육지원 등 지속적인 사업화지원을 통해 청년사업가 창업 성공률 향상 도모,,2025-03-30 13:29:44,2025-06-26 15:58:50
20250327005400210659,AI면접 및 역량검사 체험 지원,교육지원,취업·일자리,"일자리,교육","취업,미래역량강화",강원특별자치도,51130,18.0,39.0,N,,결혼 여부 상관없음,기간모집,20250304 ~ 20251231,20250304.0,20251231.0,원주시,,https://www.wonju.go.kr/wjyouth/viewTnWjyouthProgrmU.do?progrmNo=35&key=5942,,,청년 취업 역량 강화 지원,"- AI면접 및 역량검사 체험 이용
- 개인별 결과 분석 및 녹화영상 제공, 면접 학습지원
- AI 이용 자기소개서 작성 ‧ 첨삭
- NCS 자료 및 대기업 인적성검사 자료 제공",청년 취업 역량 강화 지원,,2025-03-27 10:52:21,2025-03-27 15:29:00
20250324005400210650,청년공간 열림 운영,교육지원,소득·생활,복지문화,문화활동,강원특별자치도,51170,18.0,45.0,N,,결혼 여부 상관없음,상시모집,,20250101.0,20251231.0,동해시,산학협력단,,,,"청년공간 시설관리 및 대관, 청년네트워크 활성화 및 커뮤니티 활동 지원(청년동아리 활동비 지원), 청년 역량강화 및 수요자 맞춤형 특화프로그램 기획 운영(매월 프로그램 운영_홈페이지 신청 가능), 청년 취창업 교육, 문화활동, 심리상담 프로그램 운영, 자격증취득 지원 등","1.공간 대관
2.면접정장,구두 대여
3.자격증비(어학) 지원
4.심리상담(정신건강) 지원
5.요가활동(몸건강) 지원
6.셀프베이킹 활동 _공유주방 이용
7.청년동아리 활동지원(활동비, 홍보 등)
8.청년협의체 운영(네트워크)
9.청년의날 행사 운영(9월)
10.일회성,다회성 프로그램 운영(※ 매월 홈페이지 공지, 접수 (선착순))","청년공간 시설관리 및 대관, 청년네트워크 활성화 및 커뮤니티 활동 지원(청년동아리 활동비 지원), 청년 역량강화 및 수요자 맞춤형 특화프로그램 기획 운영(매월 프로그램 운영_홈페이지 신청 가능), 청년 취창업 교육, 문화활동, 심리상담 프로그램 운영, 자격증취득 지원 등",,2025-03-24 11:23:16,2025-03-27 15:35:40
20250211005400210415,2025년 강원혁신도시 소외상권 활성화 지원(임차료 등) 사업,"청년가장,장기미취업청년,중소기업,벤처",취업·일자리,일자리,창업,강원특별자치도,51110,18.0,45.0,N,재산세 납부 기준에 따른 심사 적용,결혼 여부 상관없음,기간모집,20250228 ~ 20250321,20250101.0,20251231.0,재단법인강원혁신도시발전지원센터,,https://www.gicc.or.kr/bbs/board.php?bo_table=sub05_01&wr_id=190,,,"청년창업자 임차료 지원(마케팅, 컨설팅, 필수기자재 지원)
- 임차료 월 30만원(최대 12개월)
- 마케팅 최초1회 최대 50만원
- 전문가 경영컨설팅 2시간
- 업종에 따른 필수기자재 일부 지원","청년창업자들의 강원혁신도시 사업대상지 내 공실상가 임차 지원
- 강원자치도 주민등록자로  18~45세(생일기준) 이하 청년창업자
- 창업을 준비중인 예비창업자
- 공고일 기준 폐업 후 1개월이 지난 자
- 2025.1.1. 이후 사업대상지에 사업자등록 후 운영중인 자","청년창업자 임차료 지원(마케팅, 컨설팅, 필수기자재 지원) - 임차료 월 30만원(최대 12개월) - 마케팅 최초1회 최대 50만원 - 전문가 경영컨설팅 2시간 - 업종에 따른 필수기자재 일부 지원",,2025-02-11 16:00:31,2025-02-28 11:11:33
20240422005400200098,청년근로자 복리후생 지원,"교육지원,금리혜택",취업·일자리,"일자리,복지문화","재직자,건강",강원특별자치도,51110,19.0,39.0,N,,결혼 여부 상관없음,기간모집,20240421 ~ 20240509,,,춘천시 기업지원과 일자리창출팀,춘천시,https://www.chuncheon.go.kr/cityhall/administrative-info/notice-info/legislative-notice/view/?notAncmtMgtNo=64747&pageIndex=1#lnk,https://www.chuncheon.go.kr/cityhall/administrative-info/notice-info/legislative-notice/view/?notAncmtMgtNo=64747&pageIndex=1#lnk,,춘천시내 중소기업에 재직하는 청년 근로자의 복지향상과 청년이 일하기 좋은 도시 구현을 위해 복리후생을 지원,"천시 소재 중소기업에서 3개월 이상 재직중(정규직)이며, 춘천시에   주소지를 두고 있는 기준중위소득 130% 이하 청년(만 19~39세)에게 건강 관리, 여가 활동, 자기계발 등의 목적으로 사용할 수 있는 춘천사랑상품권을 1인당 100만원 * 2회 분할지급, 생애 1회",춘천시내 중소기업에 재직하는 청년 근로자의 복지향상과 청년이 일하기 좋은 도시 구현을 위해 복리후생을 지원,,2024-04-22 17:41:38,2025-09-08 14:33:14
20240322005400200007,2025년 춘천형 일자리 안심공제 지원사업 참여자 모집 공고,"금리혜택,바우처",소득·생활,복지문화,취약계층 및 금융지원,강원특별자치도,51110,,,Y,,,57003,,,,춘천시 기업지원과,강원특별자치도경제진흥원,https://www.sbcplan.or.kr/intro.do,https://www.chuncheon.go.kr/cityhall/administrative-info/notice-info/notice-announcement/view/?notAncmtMgtNo=63287#lnk,,"춘천시 내 중소,중견기업 근로자의 장기재직을 유도하고 기업의 경쟁력을 강화하기 위 ""춘천형 일자리 안심공제"" 지원사업","월 50만원*을 5년간 적립 후 만기 시 적립금(3천만원+이자) 근로자에게 지급* 공제부금: 기업 15만원, 근로자 15만원 / 지원금: 춘천시 20만원","춘천시 내 중소,중견기업 근로자의 장기재직을 유도하고 기업의 경쟁력을 강화하기 위 ""춘천형 일자리 안심공제"" 지원사업",-,2024-03-22 15:08:49,2025-09-08 14:13:21
20231102005400200007,2025년 강릉시 청년창업 희망키움 사업,교육지원,취업·일자리,일자리,취업,강원특별자치도,51150,18.0,45.0,N,,결혼 여부 상관없음,기간모집,20250301 ~ 20250328,20250301.0,20251231.0,강릉시 경제진흥과,강릉시 경제진흥과,https://www.gn.go.kr/www/selectBbsNttView.do?key=258&bbsNo=12&nttNo=179586,,,강릉지역 청년 (예비)창업자 모집공고강릉지역 창업 3년 미만의 청년(예비) 창업기업을 대상으로 성장 및 고용 창출을 위한 사업화 지원,"- 창업 사업화 자금 1,000만원~최대 1,600만원 지원 
  * (1단계) 초기사업비 1,000만원 
  * (2단계) 성장사업비 1,000만원 
- 창업교육(10시간) 및 전문가 멘토링(2회)
- 전문가 및 선배기업간 네트워킹- 업무를 위한 공유공간 비즈스퀘어 이용 지원",강릉지역 청년 (예비)창업자 모집공고강릉지역 창업 3년 미만의 청년(예비) 창업기업을 대상으로 성장 및 고용 창출을 위한 사업화 지원,-,2023-11-02 14:32:00,2025-04-30 15:50:24
