plcyNo,bscPlanCycl,bscPlanPlcyWayNo,bscPlanFcsAsmtNo,bscPlanAsmtNo,pvsnInstGroupCd,plcyPvsnMthdCd,plcyAprvSttsCd,plcyNm,plcyKywdNm,plcyExplnCn,lclsfNm,mclsfNm,plcySprtCn,sprvsnInstCd,sprvsnInstCdNm,sprvsnInstPicNm,operInstCd,operInstCdNm,operInstPicNm,sprtSclLmtYn,aplyPrdSeCd,bizPrdSeCd,bizPrdBgngYmd,bizPrdEndYmd,bizPrdEtcCn,plcyAplyMthdCn,srngMthdCn,aplyUrlAddr,sbmsnDcmntCn,etcMttrCn,refUrlAddr1,refUrlAddr2,sprtSclCnt,sprtArvlSeqYn,sprtTrgtMinAge,sprtTrgtMaxAge,sprtTrgtAgeLmtYn,mrgSttsCd,earnCndSeCd,earnMinAmt,earnMaxAmt,earnEtcCn,addAplyQlfcCndCn,ptcpPrpTrgtCn,inqCnt,rgtrInstCd,rgtrInstCdNm,rgtrUpInstCd,rgtrUpInstCdNm,rgtrHghrkInstCd,rgtrHghrkInstCdNm,zipCd,plcyMajorCd,jobCd,schoolCd,aplyYmd,frstRegDt,lastMdfcnDt,sbizCd,zip_first,sido_set,has_gangwon,is_gangwon_only,sido_name,category_raw_l,category_raw_m,category
20250719005400211466,1,1,1,1,54002,42002.0,44002,2025년 청년도전지원사업(원주시),"교육지원,맞춤형상담서비스,보조금,장기미취업청년","18~34세 청년들에게 맞춤형 프로그램을 제공하여 구직의욕 고취, 노동시장 참여 및 취업 촉진 지원",일자리,취업,"1. 맞춤형 프로그램 무료 제공
  밀착상담, 사례관리, 자신감 회복, 진로 탐색, 취업역량 강화 등

2. 이수자에게 인센티브 지급
  단기(5주) - 참여수당(50만원)
  중기(15주) - 참여수당(150만원), 이수인센티브(20만원)
  장기(25주) -  참여수당(250만원), 이수인센티브(20만원), 취업활동시(30만원)
  ※ 중기, 장기 이수자 중 6개월 이내 취(창)업 + 3개월 근속 시, 50만원 추가 지원

3. 이수 후 국민취업지원제도, 일경험, 직업훈련 등 연계 가능",1492000,고용노동부,원주시 기업지원일자리과 ,       ,,사회적협동조합 희망리본 원주센터 ,N,57001,56001.0,20250101,20251231,,"방법 1. 고용24접속 – 로그인 – 취업지원 – 취업역량강화 – 청년도전지원사업 참여신청 
방법 2. 사전신청 홈페이지(https://forms.gle/35Dr51sLkNxSBvBH8)
방법 3. QR코드 사전 신청(붙임 참조)

* 방법 1, 2, 3 중 택하여 신청한 후, 개별적으로 구직문답표 작성하여 프로그램 진행 일정 안내
   (문의처: 사회적협동조합 희망리본 원주센터  ☎ 033-813-8033)",운영기관(사회적협동조합 희망리본 원주센터)에서 심사 및 선발 통보,https://forms.gle/35Dr51sLkNxSBvBH8,,재미있는 유익한 프로그램이 많으니 참여하시어 좋은 경험을 놓치지 마세요.,,,40.0,Y,18.0,34.0,N,55003.0,43001.0,0.0,0.0,,"- 6개월 이상 취(창)업·교육·직업훈련 참여이력이 없는 18~34세 청년
- 군 경력자는 복무기간에 비례하여 참여 제한 연령 적용(최고 39세까지 가능)
- 고등학교 졸업(예정자)로 상급학교에 진학하지 않거나 취업예정자
- 자립준비청년, 청소년복지시설 입·퇴소 청년
- 북한이탈청년 등","- 6개월 이내 의무복무 예정자
- 최근 국민취업지원제도 참여자
- 실업급여 수급자
- 대학교 또는 대학원 재학생
- 대학 졸업일 이후 6개월 내 취(창)업·교육·직업훈련 참여이력이 있는 자 등
",1108,4191005,강원특별자치도 원주시 경제국,4191000,강원특별자치도 원주시,6530000,강원특별자치도,51130,0011009,"0013003,0013006",0049010,20250721 ~ 20250930,2025-07-19 10:52:56,2025-07-21 11:18:46,"0014003,0014009",51130,강원특별자치도,True,True,강원특별자치도,일자리,취업,취업·일자리
20250618005400211062,1,5,17,45,54002,42001.0,44002,지역청년 참여 네트워크 구축 및 활성화 ,맞춤형상담서비스,지역 청년과 연계·협업을 통해 지역·권역별 자체적인 청년 이슈 공론 및 정책 참여 유도,참여권리,청년참여,"강원 청년 역량강화 및 소통 워크숍, 도내 청년단체 협업 및 연계 프로젝트 추진 ",6530000,강원특별자치도,,B555091,재단법인강원특별자치도경제진흥원,,N,57001,56001.0,20250101,20251231,,강원청년포털 참고,강원청년포털 참고,,,,,,0.0,N,18.0,45.0,N,55003.0,43001.0,0.0,0.0,,,,41,6530000,강원특별자치도,0000000,강원특별자치도,6530000,강원특별자치도,"51110,51130,51150,51170,51190,51210,51230,51720,51730,51750,51760,51770,51780,51790,51800,51810,51820,51830",0011009,0013010,0049010,20250101 ~ 20251231,2025-06-18 18:59:52,2025-06-25 10:16:24,0014010,51110,강원특별자치도,True,True,강원특별자치도,참여권리,청년참여,기타
20250618005400211061,1,5,17,45,54002,42001.0,44002,강원청년센터 운영,맞춤형상담서비스,"청년의 정책 인지도, 체감도를 높이고 안정적 지역정착 기반이 될 수 있는 청년정책 온·오프라인 지원체계 구축",참여권리,청년참여,"청년포털 운영, 청년 소통·교류 활성화, 청년의 날, 네트워킹 데이 등 청년행사 기획·수행, 청년 역량강화 교육 지원 등 ",6530000,강원특별자치도,,B555091,재단법인강원특별자치도경제진흥원,,N,57001,56001.0,20250101,20251231,,강원청년포털 홈페이지 참고,강원청년포털 홈페이지 참고,,,,,,0.0,N,18.0,45.0,N,55003.0,43001.0,0.0,0.0,,,,415,6530000,강원특별자치도,0000000,강원특별자치도,6530000,강원특별자치도,"51110,51130,51150,51170,51190,51210,51230,51720,51730,51750,51760,51770,51780,51790,51800,51810,51820,51830",0011009,0013010,0049010,20250101 ~ 20251231,2025-06-18 18:56:44,2025-06-25 10:17:18,0014010,51110,강원특별자치도,True,True,강원특별자치도,참여권리,청년참여,기타
20250618005400211059,1,4,15,39,54002,42002.0,44002,청년층 정신건강 서비스 강화 ,맞춤형상담서비스,지역청년이 주체가 되어 지역사회서비스를 개발 및 제공함으로써 청년의 사회활동 참여 기회 보장과 지역주민 삶의 질 향상 ,복지문화,건강,"도민 심리지원 서비스, 청년 신체 건강증진 서비스, 일상 돌봄 서비스 ㅔㅈ공 등 ",6530000,강원특별자치도,,       ,,,Y,57001,56001.0,20250101,20251231,,"강원특별자치도 천년사회서비스사업단 
- 운영기관 : 사회적협동조합 마음품다 
- 연 락 처 : 033-743-7942
- 온라인문의 : mybible1@naver.com ",,https://gwssa.or.kr:447/document/youth_service,홈페이지 참고 ,,,,0.0,N,19.0,34.0,N,55003.0,43001.0,0.0,0.0,,,,71,6530000,강원특별자치도,0000000,강원특별자치도,6530000,강원특별자치도,"51110,51130,51150,51170,51190,51210,51230,51720,51730,51750,51760,51770,51780,51790,51800,51810,51820,51830",0011009,0013010,0049010,20250101 ~ 20251231,2025-06-18 18:48:02,2025-07-16 17:17:21,0014010,51110,강원특별자치도,True,True,강원특별자치도,복지문화,건강,소득·생활
20250618005400211058,1,4,14,34,54002,42006.0,44002,자립준비청년 자립정착금 지원,보조금,자립준비청년에게 자립정착금을 지급하여 보호 종료 후 경제적 부담을 완화하고 복지향상을 통해 안정적인 사회정착 도모 ,복지문화,취약계층 및 금융지원,"18세 이상 아동복지시설 및 가정위탁 보호 종료된 자립준비청년 1인 1,000만원 지원(2회 분할 지급) ",6530000,강원특별자치도,,6530000,강원특별자치도,,N,57001,56001.0,20250101,20251231,,시군 홈페이지 참고,시군 홈페이지 참고,,,,,,499.0,N,15.0,18.0,N,55003.0,43001.0,0.0,0.0,,18세 이상(보호종료 5년 이내),,26,6530000,강원특별자치도,0000000,강원특별자치도,6530000,강원특별자치도,"51110,51130,51150,51170,51190,51210,51230,51720,51730,51750,51760,51770,51780,51790,51800,51810,51820,51830",0011009,0013010,0049010,20250101 ~ 20251231,2025-06-18 18:43:27,2025-07-16 17:17:54,0014010,51110,강원특별자치도,True,True,강원특별자치도,복지문화,취약계층 및 금융지원,소득·생활
20250618005400211057,1,4,14,34,54002,42006.0,44002,자립준비청년 자립수당 지원 ,보조금,자립준비청년에게 자립수당을 지급하여 보호 종료 후 경제적 부담을 완화하고 복지향상을 통해 안정적인 사회정착 도모 ,복지문화,취약계층 및 금융지원,"아동복지시설, 가정위탁 보호종료 5년 이내 아동 중 보호종료일을 기준으로 과거 2년이상 연속하여 보호를 받은 18세 이후 보호종료자 대상 1인 월 50만원 지원(최대 5년) ",6530000,강원특별자치도,,       ,,,N,57001,56001.0,20250101,20251231,,시군 홈페이지 참고,시군 홈페이지 참고,www.bokjiro.go.kr,"보호종료 예정자(아동복지시설, 가정위탁 보호종료 전 30일 이내) 및 보호종료자 본인이 복지로 누리집에 접속하여 본인인증 후 서비스 신청가능 
- 복지로 온라인신청 경로: 복지로 로그인>서비스 신청>복지서비스 신청> 복지급여 신청>아동청소년>보호종료아동자립수당 ",,,,500.0,N,15.0,18.0,N,55003.0,43001.0,0.0,0.0,,18세 이상(보호종료 5년 이내),,26,6530000,강원특별자치도,0000000,강원특별자치도,6530000,강원특별자치도,"51110,51130,51150,51170,51190,51210,51230,51720,51730,51750,51760,51770,51780,51790,51800,51810,51820,51830",0011009,0013010,0049010,20250101 ~ 20251231,2025-06-18 18:36:48,2025-07-16 17:16:21,0014010,51110,강원특별자치도,True,True,강원특별자치도,복지문화,취약계층 및 금융지원,소득·생활
20250618005400211056,1,4,13,32,54002,42006.0,44002,청년농업인 정책자금 이차보전 지원 ,"보조금,금리혜택",청년농 영농정착을 위한 정부정책자금 실행 후 융자금 상환 시 직면하는 경제적 부담을 최소화하여 안정적인 영농활동 도모,복지문화,취약계층 및 금융지원,"(지원내용) 당해 연도 거치기간 납부 이자 50% 지원(최대 3백만원) 
(지원시기) 지원대상자 이자납부 후 12월 지급 
(지원기간) 매년 사업 대상자를 선정, 정책자금별 거치기간 동안 지원 ",6530000,강원특별자치도,,       ,,,N,57001,56001.0,20250101,20251231,,시군 홈페이지 참고,시군 홈페이지 참고,,"사업신청서, 본인세대 건강보험료 납부고지서, 정책자금 대출실행 관련 자료, 이자잡부액 자료(영수증 등) 구비하여 경작지 기준 읍·면·동 행정복지센터에 제출 ",,,,0.0,N,18.0,40.0,N,55003.0,43001.0,0.0,0.0,,,,27,6530000,강원특별자치도,0000000,강원특별자치도,6530000,강원특별자치도,"51110,51130,51150,51170,51190,51210,51230,51720,51730,51750,51760,51770,51780,51790,51800,51810,51820,51830",0011009,0013010,0049010,20250101 ~ 20251231,2025-06-18 18:32:11,2025-07-16 17:14:48,0014006,51110,강원특별자치도,True,True,강원특별자치도,복지문화,취약계층 및 금융지원,소득·생활
20250618005400211055,1,4,13,32,54002,42006.0,44002,청년 재가 중증장애인 자산형성 지원 ,보조금,경제적으로 취약한 청년 재가 중증장애인의 자립 기반 및 역량 강화를 위해 자산형성사업 지원,복지문화,취약계층 및 금융지원,"매월 15만원 이상 본인 저축시 월 15만원 지원, 3년 만기 ",6530000,강원특별자치도,,       ,,,N,57001,56001.0,20250101,20251231,,시군 홈페이지 참고,시군 홈페이지 참고,,,,,,0.0,N,15.0,34.0,N,55003.0,43003.0,0.0,0.0,기준중위소득 100% 이하,,"- 신청자 본인이 생계·의료급여수급자 또는 사회복지시설 입소자
- 신청자 본인이 신용유의(불량)자인 경우 또는 본인의 통장 개설이 불가능한 자
- 본인 및 가구원이 유사 자산형성지원사업에 참여한 경우 ",22,6530000,강원특별자치도,0000000,강원특별자치도,6530000,강원특별자치도,"51110,51130,51150,51170,51190,51210,51230,51720,51730,51750,51760,51770,51780,51790,51800,51810,51820,51830",0011009,0013010,0049010,20250101 ~ 20251231,2025-06-18 18:28:27,2025-07-16 17:14:28,0014005,51110,강원특별자치도,True,True,강원특별자치도,복지문화,취약계층 및 금융지원,소득·생활
20250618005400211054,1,3,11,28,54002,42002.0,44002,대학일자리플러스센터 지원,교육지원,도내 대학을 통해 청년들에게 진로 및 취창업 지원 등 공간적·기능적 종합서비스 제공,일자리,취업,"진로지도 및 취업컨설팅, 취업역량강화 프로그램 운영 등, 지역청년고용 거버넌스 구축·운영",6530000,강원특별자치도,,       ,,,N,57001,56001.0,20250101,20251231,,,,,,,,,0.0,N,19.0,34.0,N,55003.0,43001.0,0.0,0.0,,,,34,6530000,강원특별자치도,0000000,강원특별자치도,6530000,강원특별자치도,"51110,51130,51150,51170,51190,51210,51230,51720,51730,51750,51760,51770,51780,51790,51800,51810,51820,51830",0011009,0013010,0049010,20250101 ~ 20251231,2025-06-18 18:20:15,2025-06-25 10:27:35,0014010,51110,강원특별자치도,True,True,강원특별자치도,일자리,취업,취업·일자리
20250618005400211053,1,3,9,22,54002,42002.0,44002,지역혁신중심 대학지원체계 ,교육지원,"- 대학과 지역이 상호 연계·협력하는 생태계 구축을 통해 강원특별자치도가 추구하는 「미래산업 글로벌 도시」 실현
- 도내 16개 대학을 중심으로 지산학연이 협력하는 지역혁신을 통해 대학이 도 전역의 성장동력이 되는 대학도시 생태계 구축",교육,미래역량강화,"지원사업 : 강원RISE 4개 프로젝트 5개 단위과제 
(강원 전략산업 육성) 지산학 기반 첨단전략산업 육성
(지역 정주형 인재양성) 지역 취업·정주형 특성화 대학 육성
(강원 스타트업 허브 조성) 로컬창업 큐브 운영
(대학주도형 지역현안 해결) 지역위기대응 공동연구소 G-Lab 구축, 외국인 유학생 시티즌 프로젝트 ",6530000,강원특별자치도,,B555262,재단법인강원인재원,,N,57001,56001.0,20250601,20260228,,"(신청자격) 강원특별자치도 내 소재 대학
(신청방법) 대학별 패키지 형태로 사업 신청 ",,www.gwrise.or.kr,"사업신청, 사업계획서, 사업계획 증빙자료 등 ",,,,0.0,N,0.0,0.0,Y,55003.0,43001.0,0.0,0.0,,"사업대상 : 도내 16개 대학, 지자체, 기업, 혁신기관 등 ",,20,6530000,강원특별자치도,0000000,강원특별자치도,6530000,강원특별자치도,"51110,51130,51150,51170,51190,51210,51230,51720,51730,51750,51760,51770,51780,51790,51800,51810,51820,51830",0011009,0013010,0049010,20250502 ~ 20250520,2025-06-18 18:15:08,2025-07-16 17:14:04,0014010,51110,강원특별자치도,True,True,강원특별자치도,교육,미래역량강화,교육·훈련
20250618005400211052,1,3,10,25,54002,42006.0,44002,공중보건장학제도 운영,"보조금,교육지원",공공의료에 사명감을 갖춘 학생을 선발하여 전문 의료인력으로 양성하고 향후 지역에 근무하게 함으로써 지역 의료격차 해소에 기여,일자리,취업,"- 취약지 전문의료인력 확보를 위한 장학금 지원
-  졸업후 장학금을 지원받은 기간(최소 2년 ~ 최대 5년)만큼 의무적으로 도내 공공보건의료 수행기관에서 복무 ",6530000,강원특별자치도,,       ,,,N,57001,56001.0,20250101,20251231,,"1. 각 대학 행정실에 신청서 제출
2. 각 대학 추천(대학->시도) 
3. 각 시도 추천(시도->보건복지부) ","(면접) 내외부전문가로 구성된 선별평가위원회를 통한 면접 평가 실시
(선발결과) 보건복지부->시도, 최종합격자에게 개별 통보 ",,,,,,25.0,N,0.0,0.0,Y,55003.0,43001.0,0.0,0.0,,"의과대학(의학전문대학원) 및 간호대학(간호학과, 전문대 포함) 대학생 ",,75,6530000,강원특별자치도,0000000,강원특별자치도,6530000,강원특별자치도,"51110,51130,51150,51170,51190,51210,51230,51720,51730,51750,51760,51770,51780,51790,51800,51810,51820,51830",0011009,0013010,0049005,20250101 ~ 20251231,2025-06-18 18:09:25,2025-07-16 17:00:49,0014010,51110,강원특별자치도,True,True,강원특별자치도,일자리,취업,취업·일자리
20250618005400211049,1,3,9,22,54002,42002.0,44002,SW중심대학 지원,교육지원,K-ICT 전략의 성공적 수행과 SW중심 사회를 선도할 창의·융합적 문제 해결 능력을 갖춘 도내 SW인재 양성,교육,미래역량강화,"- 추진대상 : 4개 대학, 기 선정(한라대, 한림대), 신규공모 신청(강원대, 카톨릭관동대)\
- 주요내용
   (체계개편) 학과통합 등 대학 주도 SW 중심 교육체계 개편 운영
   (역량강화) 산학 프로젝트, 인턴십 등 기업 수요 반영 현장중심 교육
   (융합교육) 융합전공 및 전교생 대상 SW기초교육 등 SW융합인력 확대
   (가치확산) 초중고 대상 SW캠프, 소외계층 SW교육 등 프로그램 운영",6530000,강원특별자치도,,       ,,,N,57001,56001.0,20250101,20251231,,각 대학별 SW중심대학 사업단 홈페이지 참고 ,각 대학별 SW중심대학 사업단 홈페이지 참고 ,,각 대학별 SW중심대학 사업단 홈페이지 참고 ,"
",,,0.0,N,19.0,34.0,N,55003.0,43001.0,0.0,0.0,,,,13,6530000,강원특별자치도,0000000,강원특별자치도,6530000,강원특별자치도,"51110,51130,51150,51170,51190,51210,51230,51720,51730,51750,51760,51770,51780,51790,51800,51810,51820,51830",0011009,0013010,0049005,20250101 ~ 20251231,2025-06-18 18:03:51,2025-07-16 17:13:43,0014010,51110,강원특별자치도,True,True,강원특별자치도,교육,미래역량강화,교육·훈련
20250618005400211047,1,3,9,19,54002,42002.0,44002,강원형 미래인력양성,교육지원,도내 주요 산업 현장에서 파악된 구인 수요를 기반으로 전문 교육기관을 활용한 구직자 직무교육 실시 후 수요기업 채용 연계 ,일자리,취업,"- 주요산업(의료기기, 바이오 등) 및 신산업(ICT/SW, 미래차 등) 분야 관련 기업의 요구에 따른 맞춤형 훈련과정 개설 및 채용 연계(훈련기관 공모, 채용협약 등 추진)
- 기타(고용 이슈 대응) 분야, 기타 고용 현안(기업유치, 사업확대, 산업활성화 등)에 따른 수요 요청이 있는 산업계 및 기업 대상 직업훈련 및 인력 공급 ",6530000,강원특별자치도,,B555091,재단법인강원특별자치도경제진흥원,,N,57001,56001.0,20250101,20251231,,강원특별자치도경제진흥원 홈페이지 참고,강원특별자치도경제진흥원 홈페이지 참고,https://www.gwep.or.kr/bbs/board.php?bo_table=gw_sub21&wr_id=3134,강원특별자치도경제진흥원 홈페이지 참고,,,,60.0,N,0.0,0.0,Y,55003.0,43001.0,0.0,0.0,,"<훈련생 선발>
○ 미취업자를 대상으로 훈련함이 원칙(청년층, 중장년층 등) 
   - 현재 실업자이며 구직활동 중인 자, 대학교 졸업예정자, 고등학교 3학년 재학중인 자, 임시적, 
      일용직 근로자, 퇴직예정자 등 고용상태가 불안정한 근로자 등 
","- 공고일 기준 고용보험 가입자 훈련 참여 배제 
- 재정지원 일자리 사업 참여자 중복 참여 불가
- 유사 인력양성 일자리사업에 참여 중인 자의 경우, 중복 참여 불가  ",40,6530000,강원특별자치도,0000000,강원특별자치도,6530000,강원특별자치도,"51110,51130,51150,51170,51190,51210,51230,51720,51730,51750,51760,51770,51780,51790,51800,51810,51820,51830",0011009,0013003,0049010,20250101 ~ 20251231,2025-06-18 17:53:40,2025-07-16 17:00:25,0014010,51110,강원특별자치도,True,True,강원특별자치도,일자리,취업,취업·일자리
20250618005400211044,1,3,9,20,54002,42002.0,44002,지역 청년 무역인력 인턴십 지원 사업 ,교육지원,도내 기업 인력난과 청년 취업난을 동시에 극복하고 산·관·학 상생 네트워크 내실화 도모,일자리,취업,GTEP 수료(예정) 학생에게 도내 수출기업의 e-커머스 마케팅분야 인턴십 제공 및 정규직 채용 유도 ,6530000,강원특별자치도,,7007392,산학협력단,,N,57001,56001.0,20251201,20260228,,강원대학교 산학협력단 ,강원대학교 산학협력단 ,https://uicf.kangwon.ac.kr/,,,,,5.0,N,0.0,0.0,Y,55003.0,43001.0,0.0,0.0,,강원대 GTEP 수료(예정)자 5명 내외,,22,6530000,강원특별자치도,0000000,강원특별자치도,6530000,강원특별자치도,"51110,51130,51150,51170,51190,51210,51230,51720,51730,51750,51760,51770,51780,51790,51800,51810,51820,51830",0011009,0013010,0049010,20250301 ~ 20251130,2025-06-18 17:37:54,2025-07-16 17:00:07,0014010,51110,강원특별자치도,True,True,강원특별자치도,일자리,취업,취업·일자리
20250618005400111043,1,3,9,20,54002,42002.0,44002,지역특화 청년무역 전문가 양성사업,교육지원,"국제무역 이론교육 및 무역현장 마케팅 실습 등을 통해 도내 대학을 무역실무 교육 거점 대학으로 육성, 학생들을 글로벌 무역 전문가로 양성",일자리,취업,국제무역 이론교육 등 지역특화 청년무역전문가양성과정 운영 지원,6530000,강원특별자치도,,7007392,산학협력단,,N,57001,56001.0,20250101,20251231,,,,,,,,,36.0,N,20.0,29.0,N,55003.0,43001.0,0.0,0.0,,,,106,6530000,강원특별자치도,0000000,강원특별자치도,6530000,강원특별자치도,"51110,51130,51150,51170,51190,51210,51230,51720,51730,51750,51760,51770,51780,51790,51800,51810,51820,51830",0011008,0013010,0049005,20250101 ~ 20251231,2025-06-18 17:31:28,2025-07-16 16:58:43,0014010,51110,강원특별자치도,True,True,강원특별자치도,일자리,취업,취업·일자리
20250618005400211041,1,3,9,22,54002,42006.0,44002,강원인재육성평생교육진흥원 지원,보조금,강원특별자치도 출신 및 도내 대학생에게 수학 상의 편의를 제공하고 특정 분야의 우수한 소질을 갖춘 미래인재를 발굴·육성,교육,미래역량강화,"도 출신 학생, 도내 대학생 대상 장학금 지원, 미래인재 선발·지원, 평생교육 진흥 ",6530000,강원특별자치도,,B555262,재단법인강원인재원,,N,57001,56001.0,20250101,20251231,,강원인재원 홈페이지 참고,강원인재원 홈페이지 참고,https://injae.gwd.go.kr/injae,,,,,0.0,N,17.0,29.0,N,55003.0,43003.0,0.0,0.0,"저소득층, 사회적 배려계층 ",,,33,6530000,강원특별자치도,0000000,강원특별자치도,6530000,강원특별자치도,"51110,51130,51150,51170,51190,51210,51230,51720,51730,51750,51760,51770,51780,51790,51800,51810,51820,51830",0011009,0013010,0049010,20250101 ~ 20251231,2025-06-18 17:21:40,2025-07-16 16:56:34,0014010,51110,강원특별자치도,True,True,강원특별자치도,교육,미래역량강화,교육·훈련
20250610005400210906,1,1,1,1,54002,42002.0,44002,2025 홍천군 청년 일경험 지원사업,인턴, 기업의 다양한 직무경험을 통해 자신에게 맞는 진로 탐색과 실무역량을 강화하여 청년 채용 연계,일자리,취업," - 기업이 청년을 채용(인턴)할 경우, 청년 인건비 및 교통비 월200만원을 6개월 지원
   · 인건비 200만원(군비 90%, 기업자부담 10%), 교통비 20만원(군비100%)
   ※ 인턴 기간(6개월) 종료 후, 해당 기업에서 청년을 정규직으로 채용 할 경우 6개월 추가 지원",4251021,경제진흥국,박혜진,4251021,경제진흥국,박혜진,N,57001,56001.0,20250701,20251231,,"2025년 홍천군 청년 일경험 지원사업에 참여확정된 기업에서 청년 모집
 - 고용24 또는 홍천군일자리지원센터 ",,,,,,,10.0,N,18.0,39.0,N,55003.0,43001.0,0.0,0.0,,,,77,4251000,강원특별자치도 홍천군,6530000,강원특별자치도,6530000,강원특별자치도,51720,0011009,0013003,0049010,20250609 ~ 20250620,2025-06-10 16:06:19,2025-06-12 12:27:39,0014010,51720,강원특별자치도,True,True,강원특별자치도,일자리,취업,취업·일자리
20250618005400211063,1,5,19,50,54002,42006.0,44002,청년마을 만들기 지원 ,보조금,청년이 지역에서 새로운 삶의 기회를 찾을 수 있도록 지원하고 인구 유출 지역에 활력을 제고 ,참여권리,청년참여,"청년의 지역 탐색·조사, 일거리 실험, 청년 활동공간 확보, 지역 내외부와 관계맺기 활동, 홍보 등",6530000,강원특별자치도,,       ,,,N,57001,56001.0,20250501,20251231,,행정안전부 홈페이지 참고,행정안전부 홈페이지 참고,,,,,,0.0,N,0.0,0.0,Y,55003.0,43001.0,0.0,0.0,,"청년단체 및 기업(청년단체·기업의 대표가 청년이고, 사업 참여인력 중 청년 비율을 50%이상으로 구성) ",,16,6530000,강원특별자치도,0000000,강원특별자치도,6530000,강원특별자치도,"51110,51130,51150,51170,51190,51210,51230,51720,51730,51750,51760,51770,51780,51790,51800,51810,51820,51830",0011009,0013010,0049010,20250101 ~ 20250430,2025-05-18 19:03:11,2025-06-25 10:16:04,0014010,51110,강원특별자치도,True,True,강원특별자치도,참여권리,청년참여,기타
20250618005400211060,1,4,16,43,54002,42006.0,44002,청년예술인 지원 ,보조금,"도내 역량 있는 젊은 예술가의 발굴·지원을 통한 창작저변 확대, 독창적이고 참신한 예술작품 발굴로 강원문화예술 발전 토대 마련 ",복지문화,예술인지원,도내 거주 활동하고 있는 만 45세 이하의 청년예술인 대상 문화예술 창작활동 지원 ,6530000,강원특별자치도,,B553397,재단법인강원문화재단,,N,57001,56001.0,20250401,20251231,,강원문화재단 홈페이지 참고 ,강원문화재단 홈페이지 참고 ,,,,,,0.0,N,0.0,0.0,Y,55003.0,43001.0,0.0,0.0,,만 45세 이하의 청년예술인 ,,29,6530000,강원특별자치도,0000000,강원특별자치도,6530000,강원특별자치도,"51110,51130,51150,51170,51190,51210,51230,51720,51730,51750,51760,51770,51780,51790,51800,51810,51820,51830",0011009,0013010,0049010,20250101 ~ 20250331,2025-05-18 18:51:52,2025-06-25 10:17:43,0014010,51110,강원특별자치도,True,True,강원특별자치도,복지문화,예술인지원,소득·생활
20250512005400210809,1,2,8,18,54002,42001.0,44002,속초시 청년 이사비용 지원사업,보조금,"학업, 취·창업 등 지역 정착을 위해 전입하는 무주택 청년들에게 이사비용을 지원하여 주거 안정을 도모 ",주거,주택 및 거주지," ㅇ (사업 기간) ’25. 1. ~ 예산소진 시
 ㅇ (사업 대상) 2025. 1. 1.이후 관외에서 속초시로 또는 관내 전입하는 무주택 청년가구
    - (연령 기준) 18세 ~ 45세
    - (소득 기준) 중위소득 150% 이하
    - (기타 조건)
     * 청년이 세대주 및 전·월세 계약자 본인이어야 함
     * 주민등록상 동거인(가족 등) 이 있는 경우에도 지원 가능
     * 외국인, 재외국민 등은 지원대상 아님
 ㅇ (사업 내용) 이사비 및 부동산 중개수수료 포함하여 1인당 최대 50만원 이내 실비 지원 (생애 1회)
    -이사비용 : 차량대여비, 운반비, 포장비
    -부동산 중개수수료
",4231000,속초시,조명선,       ,,,N,57002,56002.0,        ,        , ’25. 1. ~ 예산소진 시,"□ 신청방법 : 방문신청
□ 신청장소 : 속초시청 별관 1층 지역경제과 일자리청년정책팀
※ 평일(월~금) 근무시간(09:00~18:00)만 가능(공휴일 및 주말 제외)
","지원금 지급 : 매월 말일 지급예정
예산 내 선착순 접수 및 지원
자격기준 확인 등 서류 심사",,"① 청년 이사비용 지원금 신청서 1부
② 청년 이사비용 지원시 유의사항 확인서
③ 개인정보 수집·이용 제공 동의서
④ 주민등록등본(공고일 이후 발급분) 1부
☞ 현재 주소, 세대 구성원정보, 최근 1년간 주소변동 내역 포함
☞ 본인 첨부시 발급처 : 정부24 / 행정복지센터 방문
⑤ 가족관계 증명서(공고일 이후 발급분, 본인기준) 1부
☞ 행정복지센터 방문 발급 또는 대법원 전자가족관계등록시스템 온라인 발급가능
⑥ 건강보험 자격확인서(신청일 기준 10일 내 발급) 1부
☞ 가구원 모두 확인 되어야 함
☞ 본인이 피부양자일 경우 부양자의 자격확인(통보)서 제출
☞ 본인 첨부시 발급처 : 국민건강보험공단 / 정부24 / 국민건강보험 고객센터
⑦ 건강보험 납부확인서(신청일 기준 10일 내 발급) 1부
☞ 가구원 중 보험료를 납부하는 자 모두 발급
☞ 신청인이 피부양자일 경우 부양자 기준으로 발급 제출
☞ 본인 첨부시 발급처 : 국민건강보험공단 / 정부24 / 국민건강보험 고객센터
⑧ 부동산 매매계약서 또는 임대차계약서 사본(원본대조필) 1부
⑨ 이사 관련 비용 증빙서류 1부
☞ 영수증인 경우 : 신용카드 영수증, 현금영수증, 세금계산서 ※간이영수증 불인정
☞ 계좌이체인 경우 : 계좌이체내역 + 이사업체의 사업자등록증 / 중개보수비 산출내역
※ 이사 및 중개보수에 소요된 비용임을 객관적으로 증빙할 수 있어야 함
⑩ 지방세 세목별 미과세 증명서(본인 기준) 1부
☞ 재산세(주택) 및 취득세(부동산) 최근 1년 기준 전국 기준으로 발급
☞ 행정복지센터 방문 발급 / 위택스 홈페이지 온라인 발급 가능
⑪ 신청자 본인 명의의 통장 사본 1부

- 제출서류는 공고일 이후 발급한 서류만 인정
- 모든서류는 주민등록번호 뒷자리 비공개 발급 제출",,,,40.0,Y,18.0,45.0,N,55003.0,43003.0,0.0,0.0,중위소득 150% 이하,"2025년 1월 1일 이후 관외에서 속초시로 또는 관내 전입하는 18세 이상 45세 이하 무주택 청년가구
(소득기준) 가구당 기준 중위소득 150% 이하
(재산기준) 신청자 청년 본인 무주택자
(주택기준) 전·월세 임차보증금 1억원 이하이고 월세 100만원 이하 주택 등에 거주",,1021,4231000,강원특별자치도 속초시,6530000,강원특별자치도,6530000,강원특별자치도,51210,0011009,0013010,0049010,,2025-05-12 10:19:05,2025-05-12 10:52:16,0014010,51210,강원특별자치도,True,True,강원특별자치도,주거,주택 및 거주지,주거지원
20250512005400210808,1,1,1,2,54002,42001.0,44002,속초시 청년 취업자격증 취득 응시료 지원사업,교육지원,취업난으로 어려움을 겪는 청년들에게 취업 준비 시 필요한 자격증 응시료를 지원하여 취업능력개발을 지원하고 구직활동으로 인한 경제적 부담 완화로 실질적인 취업지원 도모,일자리,취업,"ㅇ (사업 기간) ’25. 1. ~ 예산소진 시
ㅇ (사업 대상) 시험응시일 기준 주민등록상 속초시 거주 구직 청년
 - (연령 기준) 18세 ~ 45세
 - (소득 기준) 중위소득 150% 이하
 - (기타 조건) 2025. 1. 1. 이후 시행된 자격증 시험 실응시자
 ※ 2회 이상 신청 시 첫 번째 신청 이후 관외 전출 이력 있는 자 신청불가
ㅇ (사업 내용) 1인 연 20만원 이내 응시료 실비지원(지원 횟수 제한 無)
 - (자격증) 국가기술자격증, 국가전문자격증, 국가공인민간자격
※ 자격증 세부 내역은 한국산업인력공단 Q-Net에서 확인가능
 - (어학시험) 토익, 토익스피킹, 토플, 오픽, 텝스, 아이엘츠, HSK, JPT 등
 - (한국사) 한국사능력검정시험(기본, 심화)
※ 국가기술자격, 국가전문자격, 국가공인민간자격 세부종목은 Q-Net(www.q-net.or.kr)홈페이지를 통해 확인 가능",4231000,속초시,조명선,       ,,,N,57002,56001.0,20250101,20251231,,"□ 신청방법 : 방문신청
□ 신청장소 : 속초시청 별관 1층 지역경제과 일자리청년정책팀
※ 평일(월~금) 근무시간(09:00~18:00)만 가능(공휴일 및 주말 제외)","지원금 지급 : 매월 말일 지급예정
지원방법 : 신청서류 확인 후 개인별 계좌로 신청금액 한도 내 지급
예산 내 선착순 접수 및 지원
자격기준 확인 등 서류 심사",,"① 신청서 1부
② 개인정보동의서 1부
③ 응시료 지원 유의사항 확인서 1부
④ 주민등록초본(신청일 발급) 1부
☞ 과거의 주소변동사항 최근 5년, 주민등록지 및 속초시 거주기간 확인
☞ 본인 첨부시 발급처 : 정부24 / 행정복지센터 방문
⑤ 건강보험 자격득실확인서(신청일발급/ 조회조건 전체/ 내역 전체 선택) 1부
☞ 미취업여부 확인 
☞ 본인 첨부시 발급처 : 국민건강보험공단(www.nhis.or.kr) / 정부24(www.gov.kr) / 국민건강보험 고객센터(1577-1000)
⑥ 건강보험 납부확인서(신청일 기준 10일 내 발급) 1부
☞ 가구원 중 보험료를 납부하는 자 모두 발급
☞ 신청인이 피부양자일 경우 부양자 기준으로 발급 제출
☞ 본인 첨부시 발급처 : 국민건강보험공단(www.nhis.or.kr) / 정부24(www.gov.kr) / 국민건강보험 고객센터(1577-1000)
⑦ 신청자 본인 명의의 통장 사본(또는 계좌개설확인서) 1부
⑧ 응시확인 증빙서류 1부(응시확인서, 성적표) ※ 접수확인서·수험표 불인정
☞ 필수사항 : 성명, 응시종목, 응시일자
☞ 발급처 : 응시처 홈페이지
⑨ 결제영수증(이체확인증 또는 카드결제내역)
☞ 응시 후 6개월 내 신청 / 응시자 결제금액 확인
☞ 응시료 결제 영수증(결제금액 표기) : 영수증 이체내역, 매출전표, 거래명세서, 납부확인서, 현금영수증 등 결제 상세정보가 포함된 결제내역(단순 결제 승인문자 및 수기 간이영수증 미인정)
※ 자격시험별 원서접수 응시료지원(추가 접수에 따른 할증분 등 미반영)

- 제출서류는 공고일 이후 발급한 서류만 인정
- 모든서류는 주민등록번호 뒷자리 비공개 발급 제출",,,,50.0,Y,18.0,45.0,N,55003.0,43003.0,0.0,0.0,중위소득 150% 이하,"시험응시일 기준 주민등록상 속초시 거주 18세 ~ 45세 이하 구직자
(소득기준) 가구당 기준 중위소득 150% 이하
(근로형태) 미취업자(고용보험 미가입)
(응시상태) 2025. 1. 1. 이후 시행된 자격증 시험 실응시자
※ 2회 이상 신청 시 첫 번째 신청 이후 관외 전출 이력 있는 자 신청 불가",,711,4231000,강원특별자치도 속초시,6530000,강원특별자치도,6530000,강원특별자치도,51210,0011009,0013003,0049010,,2025-05-12 09:51:18,2025-05-12 17:11:53,0014010,51210,강원특별자치도,True,True,강원특별자치도,일자리,취업,취업·일자리
20250502005400210782,1,5,19,49,54002,42013.0,44002,대학 상생협력 강화,교육지원,춘천시와 관내 대학의 산학협력 인프라 구축을 통한 미래인재 양성 지원,참여권리,정책인프라구축," 대학도시정책협의회(시장+대학총장) 운영: 지역 상생협력 방안 논의, 대학협력협의회(강원대+한림대): 인적자원 DB구축을 통한 협력체계 구축, 대학도시 춘천포럼(지역문제 해결을 위한 정책개발 및 연구) 개최 등 시와 대학의 상호 협력체계를 통한 상생 협력을 강화하고대학과의 산학협력 인프라 구축을 통한 미래인재 양성 지원",4181080,경제진흥국,,       ,,,N,57002,56002.0,        ,        ,연례반복,,"  ○ 대학도시정책(실무)협의회 정기회의 개최: 2025. 상반기
  ○ 2025년 지역발전 정책연구 과제 공모 및 추진: 2025. 3. ~ 10.
  ○ 대학도시 춘천포럼 개최(강원대 주관): 2025. 11.",,,,https://www.chuncheon.go.kr/cityhall/,,0.0,N,0.0,0.0,Y,55003.0,43001.0,0.0,0.0,,,,38,4181000,강원특별자치도 춘천시,6530000,강원특별자치도,6530000,강원특별자치도,51110,0011009,0013010,0049010,,2025-05-02 16:01:26,2025-09-04 14:22:19,0014010,51110,강원특별자치도,True,True,강원특별자치도,참여권리,정책인프라구축,기타
20250502005400210775,1,2,6,13,54002,42006.0,44002,신혼부부 주거자금 대출이자 지원,보조금,결혼 초기 주거자금 지원을 통한 안정적인 가족 형성 및 인구감소 문제 극복,주거,전월세 및 주거급여 지원,"신혼부부 가구 전·월세 대출금 이자 상환액 지원(대출잔액 1억원 한도 내, 최대 연 3.0%, 최대 2년)",6530000,강원특별자치도,,6530000,강원특별자치도,,N,57001,56001.0,20250101,20251231,,도 및 시군 홈페이지 참고,,https://easy.gwd.go.kr/dg/benefits/searching,도 및 시군 홈페이지 참고,,,,0.0,N,0.0,0.0,Y,55001.0,43002.0,0.0,8000.0,,도내 혼인신고일로부터 7년 이내 신혼부부 중 무주택자,,161,6530000,강원특별자치도,0000000,강원특별자치도,6530000,강원특별자치도,"51110,51130,51150,51170,51190,51210,51230,51720,51730,51750,51760,51770,51780,51790,51800,51810,51820,51830",0011009,0013010,0049010,20250601 ~ 20250630,2025-05-02 11:35:45,2025-05-07 18:00:02,0014010,51110,강원특별자치도,True,True,강원특별자치도,주거,전월세 및 주거급여 지원,주거지원
20250502005400210769,1,4,14,35,54002,42013.0,44002," 맞춤형 인구정책, 건강한 인구구조 조성",보조금,춘천시의 저출산‧고령화 등 인구구조 변화에 대응하기 위한 인구정책 수립 및 추진,복지문화,취약계층 및 금융지원,"- 전입대학생 대상 장려금 지급   * 기존 조례 폐지전 지급확정자 한정
- 신규 조례 제정 후 새로운 인구 정책사업 발굴 및 추진",4181007,기획행정국,,       ,,,N,57002,56002.0,        ,        ,연례반복,,,,,,https://www.chuncheon.go.kr/cityhall/,,0.0,N,0.0,0.0,Y,55003.0,43001.0,0.0,0.0,,,,63,4181000,강원특별자치도 춘천시,6530000,강원특별자치도,6530000,강원특별자치도,51110,0011009,0013010,"0049005,0049009",,2025-05-02 10:37:17,2025-09-04 14:26:23,0014010,51110,강원특별자치도,True,True,강원특별자치도,복지문화,취약계층 및 금융지원,소득·생활
20250501005400210764,1,3,9,21,54002,42002.0,44002,대학별 특화과정 운영,교육지원,대학별 특화과정 운영지원,교육,미래역량강화,"춘천시의 대학별 특화과정 운영을 지원해 지역의 교육·산업 분야 인재양성체계 구축에 기여하고, 지역과 대학 간 동반자적 관계 형성에 이바지",4181080,경제진흥국,,       ,,,N,57002,56001.0,20250401,20251231,,,,,,,https://www.chuncheon.go.kr/cityhall/,,0.0,N,0.0,0.0,Y,55003.0,43001.0,0.0,0.0,,,,39,4181000,강원특별자치도 춘천시,6530000,강원특별자치도,6530000,강원특별자치도,51110,0011009,0013010,0049010,,2025-05-01 17:58:59,2025-09-04 14:21:14,0014010,51110,강원특별자치도,True,True,강원특별자치도,교육,미래역량강화,교육·훈련
20250501005400210763,1,3,9,22,54002,42002.0,44002,대학문화 활성화,교육지원,춘천시의 대학생들과 시민이 함께하는 대학축제를 통한 건전한 대학문화 정착,교육,미래역량강화,"춘천시의 대학과 시민이 함께하는 대학연합축제 개최를 통해 건전한 대학문화 정착, 성과 공유회 개최
",4181080,경제진흥국,,       ,,,N,57002,56002.0,        ,        ,연례반복,,,,,,https://www.chuncheon.go.kr/cityhall/,,0.0,N,0.0,0.0,Y,55003.0,43001.0,0.0,0.0,,,,52,4181000,강원특별자치도 춘천시,6530000,강원특별자치도,6530000,강원특별자치도,51110,"0011001,0011002,0011003,0011004,0011005,0011006,0011007,0011008","0013001,0013002,0013003,0013004,0013005,0013006,0013007,0013008,0013009","0049001,0049002,0049003,0049004,0049005,0049006,0049007,0049008,0049009",,2025-05-01 17:50:04,2025-09-04 14:25:26,0014010,51110,강원특별자치도,True,True,강원특별자치도,교육,미래역량강화,교육·훈련
20250501005400210760,1,1,2,5,54002,42001.0,44002,"화동, 2571 운영",교육지원,춘천시 청년들의 식품 산업 창작공간 및 로컬문화 향유 공간 조성 운영,일자리,창업,"식품산업 창업, 복합문화공간 및 스마트 외식 공간 운영 등을 통해 청년의 식품 산업 창작 공간 및 로컬 문화 향유의 공간을 조성하고, 춘천의 대표 먹거리 복합문화 공간으로 도약",4181023,농업기술센터,,       ,,,N,57002,56001.0,20250101,20271231,,,,,,,https://www.chuncheon.go.kr/cityhall/,,0.0,N,0.0,0.0,Y,55003.0,43001.0,0.0,0.0,,,,74,4181000,강원특별자치도 춘천시,6530000,강원특별자치도,6530000,강원특별자치도,51110,0011009,0013008,0049010,,2025-05-01 16:48:50,2025-09-04 14:34:13,0014006,51110,강원특별자치도,True,True,강원특별자치도,일자리,창업,취업·일자리
20250501005400210759,1,4,15,40,54002,42010.0,44002,화천군 산모를 위한 가사지원 서비스(친정엄마 같은 출산지원 바우처),"출산,육아",출산 후 1년 이내 산모들에게 방문형 가사지원서비스를 제공하여 산후 회복을 지원하고 산모들의 가사 부담을 완화하여 일과 가정의 양립할 수 있는 환경을 제공함으로써 출산율 제고 및 삶의 질 향상 도모,복지문화,건강," - 서비스 내용 
   : 가정방문을 통한 가사지원 서비스 제공
     / 가사방문을 통한 청소, 세탁, 정리정돈, 취사 등 가사지원 서비스 
 - 서비스 제공기간 : 신청 후 1년 이내  
 - 서비스 가격 및 본인부담금(월)/ 
 - 서비스 대상 
       1순위 : 출산 후 1년 이내 산모 중, 한부모 또는 장애인
       2순위 : 출산 후 1년 이내 산모 중 만12세 이하 자녀가 있는 가구
       3순위 : 그 외 출산 후 1년 이내 산모",4311011,지역경제과,,       ,,,N,57002,56001.0,20250101,20251231,,,,,,,,,0.0,N,0.0,0.0,Y,55003.0,43001.0,0.0,0.0,,,,54,4311000,강원특별자치도 화천군,6530000,강원특별자치도,6530000,강원특별자치도,51790,0011009,0013010,0049010,,2025-05-01 16:40:00,2025-06-26 15:33:46,0014010,51790,강원특별자치도,True,True,강원특별자치도,복지문화,건강,소득·생활
20250501005400210753,1,1,2,5,54002,42001.0,44002,청년창업 우수기업 인증제,교육지원,창의적인 아이디어를 가진 춘천시의 청년창업가 성장 지원 ,일자리,창업,"관내의 청년창업가 중 우수기업을 선정하여 우수기업 인증서 및 인증패 수여, 해당 기업에게는 지원사업 우대 및 투자연계,  2천만원 이하 우선 수의계약, 홍보(시정소식지 수록) 등 지원 예정. 또한, 춘천시 및 관내 기관 지원사업 우대(박참회 참가지원사업,각종 지원행사 등)",4181080,경제진흥국,,       ,,,N,57001,56002.0,        ,        ,연례반복," 춘천시청 홈페이지 공고에 따름(담당자 이메일 접수)
", 2025.5.28.(수) 개별통보,,,,https://www.chuncheon.go.kr/cityhall/,,0.0,N,19.0,39.0,N,55003.0,43001.0,0.0,0.0,,"신청자의 거주지가 춘천으로 제한됨. 대표자가 청년이고, 창업 7 년 이하의 관내 기업만 신청 가능",,24,4181000,강원특별자치도 춘천시,6530000,강원특별자치도,6530000,강원특별자치도,51110,0011009,0013010,0049010,20250425 ~ 20250515,2025-05-01 15:19:05,2025-09-04 14:30:47,0014010,51110,강원특별자치도,True,True,강원특별자치도,일자리,창업,취업·일자리
20250501005400210752,1,1,1,1,54002,42011.0,44002,화천군 일자리 센터 운영,맞춤형상담서비스,구인구직 고용 서비스 지원,일자리,취업,"고용서비스 지원
- 구직상담, 취업알선, 구직역량강화 교육",4311011,지역경제과,,       ,,,Y,57002,56001.0,20250101,20251231,,,,,,,,,0.0,N,0.0,0.0,Y,55003.0,43001.0,0.0,0.0,,,,401,4311000,강원특별자치도 화천군,6530000,강원특별자치도,6530000,강원특별자치도,51790,0011009,"0013001,0013002,0013003,0013004,0013005,0013006,0013007,0013008,0013009",0049010,,2025-05-01 15:10:30,2025-06-26 15:48:07,0014010,51790,강원특별자치도,True,True,강원특별자치도,일자리,취업,취업·일자리
20250501005400210750,1,1,2,5,54002,42001.0,44002,근화동396 청년창업공간 운영,교육지원,춘천시에 거주 중인 청년창업가의 참여기회를 확대하고 역량을 제고하는 창업허브구축,일자리,창업,"춘천시의 청년 창업가들에게 로컬청년창업 입주지원, 교육, 사업화지원, 마켓 등 판로 지원 등의 혜택을 제공, 청년 창업가들로 하여금 지역기반의 로컬브랜드 대표 모델 발굴 및 육성을 통한 창업생태계 강화를 목표로 함",4181080,경제진흥국,,       ,,,N,57002,56002.0,        ,        ,연례반복,"근화동396 홈페이지 공고에 따름(담당자 이메일 접수)
",,,,,http://hello-p6.com/kr,https://blog.naver.com/hello-p6,0.0,N,19.0,39.0,N,55003.0,43001.0,0.0,0.0,,,,97,4181000,강원특별자치도 춘천시,6530000,강원특별자치도,6530000,강원특별자치도,51110,0011009,0013006,0049010,,2025-05-01 14:53:36,2025-09-04 14:23:55,0014010,51110,강원특별자치도,True,True,강원특별자치도,일자리,창업,취업·일자리
20250501005400210749,1,4,15,40,54002,42005.0,44002,공공산후조리원 운영,"육아,출산",산모의 산후 회복 및 신생아 건강관리를 위한 수준 높은 공공서비스 제공으로 출생가구의 경제적 부담 완화 및 건강한 출산 지원,복지문화,건강,"연중 
- 총 5실(산모실) 운영, 기본 1인 2주 이용으로 수용 가능인원 월 최대 10명
- 산모 산후 회복 지원 및 신생아 건강관리 
- 매주, 격주 요일 프로그램 실시",4311019,보건의료원,,       ,,,N,57002,56001.0,20250101,20251231,,,,,,,,,120.0,Y,0.0,0.0,Y,55003.0,43001.0,0.0,0.0,,,,163,4311000,강원특별자치도 화천군,6530000,강원특별자치도,6530000,강원특별자치도,51790,0011009,0013010,0049010,,2025-05-01 14:48:46,2025-06-26 15:53:33,0014010,51790,강원특별자치도,True,True,강원특별자치도,복지문화,건강,소득·생활
20250501005400210748,1,1,1,2,54002,42004.0,44002,대학생 희망 일자리,인턴,지역 내 대학생들에게 일자리 제공을 통한 축제 프로그램의 효율적 운영과 지역주민 축제 참여 도모,일자리,취업,2025년 산천어축제 및 토마토 축제 대학생 도우미 모집,4311005,자치행정과,,4311005,자치행정과,,N,57001,56002.0,        ,        ,연 2회 (겨울 산천어축제 및 여름 토마토축제),,,,,,,,0.0,N,0.0,0.0,Y,55003.0,43001.0,0.0,0.0,,,,13,4311000,강원특별자치도 화천군,6530000,강원특별자치도,6530000,강원특별자치도,51790,0011009,0013003,0049005,20250701 ~ 20250731,2025-05-01 14:43:18,2025-06-26 15:54:13,0014010,51790,강원특별자치도,True,True,강원특별자치도,일자리,취업,취업·일자리
20250430005400210744,1,1,1,2,54002,42002.0,44002,대학생 행정체험 운영·관리,"금리혜택,인턴",방학기간 동안 춘천시 대학생에게 취업 기회를 제공하여 등록금 마련 등 경제적 자립능력 배양,일자리,취업,"대학생의 방학기간인 동·하절기에 각각 70 명 내외의 대학생 선발, 행정 체험을 통해 취업 역량 제고와 경제적 자립 능력 배양.",4181080,경제진흥국,,       ,,,N,57001,56002.0,        ,        ,연례반복," 공고일 기준 춘천시 홈페이지(www.chuncheon.go.kr) 접속 시 팝업창 활성화, 해당 팝업창을 클릭 후 신청

",6월 말 선발 예정,www.chuncheon.go.kr,,체험 기간: 2025. 7. 7.(월) ~ 2025. 7. 25.(금)(3주간),https://www.chuncheon.go.kr/cityhall/,,100.0,N,0.0,0.0,Y,55003.0,43001.0,0.0,0.0,,,,15,4181000,강원특별자치도 춘천시,6530000,강원특별자치도,6530000,강원특별자치도,51110,0011009,0013010,0049005,20250612 ~ 20250613,2025-04-30 17:32:16,2025-09-04 14:40:23,0014010,51110,강원특별자치도,True,True,강원특별자치도,일자리,취업,취업·일자리
20250430005400210742,1,1,2,5,54002,42001.0,44002,청년어업인 영어정착 지원,보조금,창업 초기 청년어업인 안정적인 어촌 정착을 지원하여 어촌 이탈방지 및 어촌 정착 활성화 도모,일자리,창업,"청년어업인 경력에 따라 정착지원금 차등 지급(1년 110만원, 2년 100만원, 3년 90만원)",1192000,해양수산부,,6530000,강원특별자치도,,N,57001,56001.0,20250101,20251231,,시군 홈페이지 참고,,,시군 홈페이지 참고,,,,35.0,N,18.0,40.0,N,55003.0,43001.0,0.0,0.0,,,,29,6530000,강원특별자치도,0000000,강원특별자치도,6530000,강원특별자치도,"51110,51130,51150,51170,51190,51210,51230,51720,51730,51750,51760,51770,51780,51790,51800,51810,51820,51830",0011009,0013010,0049010,20250101 ~ 20251231,2025-04-30 17:06:34,2025-06-26 15:56:45,0014010,51110,강원특별자치도,True,True,강원특별자치도,일자리,창업,취업·일자리
20250430005400210741,1,1,4,9,54002,42010.0,44002,청년근로자 복리후생 지원,중소기업,춘천시의 중소기업에서 근무하는 청년근로자의 복지 향상을 통한 근로의욕 고취 및 장기재직 유도,일자리,재직자,"중소기업에서 3개월 이상 재직중이며, 춘천시에 주소지를 두고 있는 기준중위소득 130% 이하 청년에게 건강관리, 여가활동, 자기계발 등의 목적으로 사용할 수 있는 상품권 지원.
- 1인당 춘천사랑상품권 100만원(2회 분할지급, 생애 1회) ",4181080,경제진흥국,,       ,,,N,57001,56002.0,        ,        ,연례반복,"“강원혜택이지” 접속 후 회원 가입, 신청 자격 확인 및 이용 약관 동의 후 공공행정정보 마이데이터 조회, 신청서 작성 및 업로드","선발기준 : 3개월 평균 건강보험료가 낮은 순으로 선발 / 동일 보험료일 경우, ① 현직장 장기 재직자, ② 연령 높은 순으로 선정
확인: 6. 2. ~ 6. 13.
선정 발표: 6. 17.
2차 적격확인: 2025. 11. 3.(월) ~ 11. 14.(금) (예정)",https://easy.gwd.go.kr/,"1. 근로계약서 * 공고일 기준 3개월 이상 근무 및 기간 정함이 없는 근로자 확인
2. 근무처 사업자등록증(춘천소재지 명기된 것)
3. 직장가입자 개인별 건강보험료 산출내역(2025년) 캡처본
4. 중소기업확인서(중소기업기본법 제2조 1항 2~5호 기업 또는 조합의 경우) 
      *발급 방법: 중소기업현황정보시스템(SMINFO)>중소기업확인서 발급신청",문의사항 : 춘천시 기업지원과 일자리창출팀(033-250-4434),https://easy.gwd.go.kr/,,150.0,N,19.0,39.0,N,55003.0,43003.0,0.0,0.0,"2025년도 기준 중위소득 130%이하인 자 (1인 기준 월 소득 3,109,617원 이하)",- 본사가 춘천인 중소기업에 2023. 1. 1. 이후 입사하여 공고일 기준 3개월 이상 재직 중인 주 36시간 이상 상용근로자," • 춘천시 청년근로자 복리후생 지원사업으로 지원받은 자(1차 지원만 받은 경우 포함)
 • 외국인, 해외파견자, 휴직자(육아휴직 포함)
 • 병역 복무 이행자(현역, 사회복무요원, 전문연구요원, 산업기능요원 등)
 • 기간제근로자 및 일시사역을 위해 취업한 근로자",387,4181000,강원특별자치도 춘천시,6530000,강원특별자치도,6530000,강원특별자치도,51110,0011009,0013001,0049010,20250421 ~ 20250509,2025-04-30 17:03:47,2025-09-04 14:38:54,0014001,51110,강원특별자치도,True,True,강원특별자치도,일자리,재직자,취업·일자리
20250425005400210724,1,1,2,5,54002,42007.0,44002,2025년 청년창업자금 무이자 대출 지원 사업 ,금리혜택,창업을 희망하는 도내 청년에게 창업자금을 지원하여 지역 정착 유도 및 청년일자리 창출 기대,일자리,창업,"업체(개인)당 최대 5천만원이내 대출 지원, 5년간 대출이자 전액 지원",6530000,강원특별자치도,,B550043,강원신용보증재단,,N,57001,56001.0,20250301,20251231,,"온라인 서류신청(보증드림) -> 자격심사 및 보증서 발급 -> 대출신청 및 실행
",,https://untact.koreg.or.kr,첨부파일 참고,,,,0.0,N,18.0,45.0,N,55003.0,43001.0,0.0,0.0,,"(지원대상) 주소지 및 사업장이 강원특별자치도로 되어 있는 18~45세 청년(법인 제외)으로 예비 및 업력 7년 미만의 사업자 
(지원업종) 제조업 및 지식기반 서비스 산업 등 ",첨부파일 참고,9846,6530000,강원특별자치도,0000000,강원특별자치도,6530000,강원특별자치도,"51110,51130,51150,51170,51190,51210,51230,51720,51730,51750,51760,51770,51780,51790,51800,51810,51820,51830",0011009,0013010,0049010,20250401 ~ 20251231,2025-04-25 15:35:30,2025-04-28 09:24:52,0014010,51110,강원특별자치도,True,True,강원특별자치도,일자리,창업,취업·일자리
20250425005400210723,1,4,13,32,54002,42013.0,44002,2025년 청년 디딤돌 2배 적금 지원사업,중소기업,"도내 청년근로자의 경제적 자립과 자산형성, 기업에게는 고용안정과 장기재직을 촉진",복지문화,취약계층 및 금융지원,매월 20만원 적립금 매칭 지원(청년근로자 10 + 도·시군 10),6530000,강원특별자치도,,6530000,강원특별자치도,,N,57001,56001.0,20250101,20251231,,온라인 또는 시·군청 방문(법인사업자) 신청,"2025. 6월중 도, 시군 및 청년 디딤돌 2배 적금 홈페이지 게시",https://double.gwwell.kr/youth,,,,,600.0,N,18.0,45.0,N,55003.0,43003.0,0.0,0.0,기준 중위소득 150%이하,,,1158,6530000,강원특별자치도,0000000,강원특별자치도,6530000,강원특별자치도,"51110,51130,51150,51170,51190,51210,51230,51720,51730,51750,51760,51770,51780,51790,51800,51810,51820,51830",0011009,0013001,0049010,20250430 ~ 20250523,2025-04-25 15:21:01,2025-04-28 09:24:16,0014001,51110,강원특별자치도,True,True,강원특별자치도,복지문화,취약계층 및 금융지원,소득·생활
20250425005400210722,1,1,1,2,54002,42013.0,44002,2025년 청년 취업준비 쿠폰 지원사업 참여자 모집(3차),장기미취업청년,도내 미취업 청년들의 안정적인 취·창업 활동 지원을 통한 일자리 시장 진입을 유도,일자리,취업,"(취업준비쿠폰) 월 50만원 씩 6개월간 최대 300만원(포인트) 지원
(취업성공금) 지원금 수급 중 3개월 근속시 현금 50만원 지원
(취업지원서비스) 구직정보안내, 역량강화교육, 취업컨설팅, 사후관리 등 ",6530000,강원특별자치도,,B555091,재단법인강원특별자치도경제진흥원,,N,57001,56001.0,20250101,20251231,,"1. 강원일자리정보망 홈페이지 접속(회원가입 및 구직등록 후 신청) 
2. 홈페이지 상단 '지원정책' 선택 후, '청년구직활동지원' 클릭 
3. '2025년 청년 취업준비 쿠폰 지원사업' 안내내용 상세보기 클릭 
4. 사업 내용(모집공고문, 제출서류 발급 안내문 등) 확인 후, 온라인 신청서 작성 및 제출서류 첨부하여 최종 제출","- 지원대상자 발표 : 2025. 5. 26.(월) 예정       * 심사기간에 따라 변경될 수 있음
- 확인 : 강원특별자치도 경제진흥원 홈페이지 [지원사업]-[사업공고]-[일자리부]에 게시 및 개발 문자발송   
   * 지원기간 : '25. 6~11월",http://job.gwd.go.kr/gwjob,강원일자리정보망 참고,,,,98.0,N,18.0,45.0,N,55003.0,43003.0,0.0,0.0,가구원의 가구소득 인정액이 연령별 기준중위소득 요건 충족(만18~34세 이하 120%초과~180%이하 / 35~45세 이하 180%이하),,,621,6530000,강원특별자치도,0000000,강원특별자치도,6530000,강원특별자치도,"51110,51130,51150,51170,51190,51210,51230,51720,51730,51750,51760,51770,51780,51790,51800,51810,51820,51830",0011009,0013003,"0049004,0049007",20250428 ~ 20250509,2025-04-25 14:58:04,2025-04-28 09:23:43,0014010,51110,강원특별자치도,True,True,강원특별자치도,일자리,취업,취업·일자리
20250502005400210781,1,5,17,45,54002,42013.0,44002,청년발전위원회 운영,중소기업,"춘천시 청년 권익증진을 위한 체계적이고 종합적인 시책 추진 지원, 청년들의 정책 참여 기능",참여권리,청년참여,"청년정책 시행계획 수립‧변경 등 심의, 관련 사업 조정 및 협력 지원. 정기 회의 연 2 회 이상 개최를 통해 다양한 안건 심의, 청년의 목소리를 듣는 소통 창구 마련
□ 임기 : 위촉일로부터 2년
□ 위원회 기능
  - 청년정책 기본계획 및 시행계획의 수립·변경
  - 시행계획의 연도별 추진실적 점검 및 평가
  - 청년정책의 시행을 위한 관련 사업의 조정 및 협력
  - 그 밖에 청년정책의 시행을 위하여 시장이 필요하다고 인정하는 사항",4181007,기획행정국,,       ,,,N,57001,56002.0,        ,        ,연속사업,"□ 접수처 : 춘천시청 자치행정과 마을사업지원팀
□ 접수방법 : 방문, 전자메일, 우편 ※ 마감일 18시까지 도착분에 한함
  - 주소 : (24347) 춘천시 시청길 11(옥천동) 8층 자치행정과
  - 전자메일 : bob1125@korea.kr","□ 선정방법 : 서면심사
□ 선정기준
  - 청년정책 관련 활동경력, 전문성, 적합성 등 종합 평가
  - 그 외 사항은 「춘천시 각종 위원회 설치 및 운영 조례」 제6조에 따름
□ 선정결과 : 2025. 4월 중 *위촉기준일 : 2025. 5. 15.(예정)
  - 자체 심사 후 선정된 자에 한하여 개별통보",,"춘천시 홈페이지 고시/공고 게시판에서 서식
- 신청서 1부
- 개인정보 수집·이용 동의서 1",,https://www.chuncheon.go.kr/cityhall/administrative-info/notice-info/legislative-notice/view/?notAncmtMgtNo=69378&pageIndex=1#lnk,,3.0,N,0.0,0.0,Y,55003.0,43001.0,0.0,0.0,,"□ 공고일 현재 춘천시에 주소를 두고 있는 개인 또는 단체 소속 회원 중 다음 어느 하나 이상의 요건을 갖춘 사람
  - 청년단체 활동 등 청년정책과 관련된 활동경험이 풍부한 사람
  - 청년정책과 관련된 학식과 전문성을 보유한 사람
  - 기타 청년정책 및 청년활동에 관심있는 사",,19,4181000,강원특별자치도 춘천시,6530000,강원특별자치도,6530000,강원특별자치도,51110,0011009,0013010,0049010,20250403 ~ 20250418,2025-04-02 15:54:43,2025-09-04 14:32:22,0014010,51110,강원특별자치도,True,True,강원특별자치도,참여권리,청년참여,기타
20250502005400210778,1,2,6,13,54002,42006.0,44002,중소기업 근로자 임대보증금 지원,"중소기업,금리혜택",중소기업 근로자의 주거 부담을 완화하고 지역경제 활성화에 기여,주거,전월세 및 주거급여 지원,"춘천시에 본사 또는 사업장을 둔 중소기업 근로자 중 무주택자에게 주거시설 임대보증금 무이자 지원, 이행보증보험 발급 수수료 등 인당 최대 20백만원 지급",4181080,경제진흥국,,       ,,,N,57001,56002.0,        ,        ,연례반복,방문 신청," ○ 신청(신규) 및 접수: 2025. 3.   
 ○ 지원 결정 및 통보: 2025. 4.
 ○ 지원금 지급: 2025. 4.~",,,,,,10.0,N,0.0,0.0,Y,55003.0,43001.0,0.0,0.0,,,,26,4181000,강원특별자치도 춘천시,6530000,강원특별자치도,6530000,강원특별자치도,51110,0011009,0013001,0049010,20250304 ~ 20250318,2025-04-02 14:58:18,2025-06-26 15:10:25,0014001,51110,강원특별자치도,True,True,강원특별자치도,주거,전월세 및 주거급여 지원,주거지원
20250502005400210777,1,4,13,33,54002,42006.0,44002,춘천시 청년농업인 영농정착 지원,"금리혜택,보조금",춘천시에 거주 중인 청년농업인들을 지원하여 안정적으로 농업에 종사할 수 있는 여건 조성,복지문화,취약계층 및 금융지원,"매월 100만원씩 영농정착금 지원(최대 36개월, 3,600만원 지급)",4181023,농업기술센터,,       ,,,N,57001,56002.0,        ,        ,연례반복,,,,,,https://www.chuncheon.go.kr/cityhall/,,5.0,N,19.0,45.0,N,55003.0,43003.0,0.0,0.0,건강보험  확인,,,58,4181000,강원특별자치도 춘천시,6530000,강원특별자치도,6530000,강원특별자치도,51110,0011009,0013008,0049010,20250301 ~ 20250331,2025-04-02 14:42:07,2025-09-04 14:29:58,0014006,51110,강원특별자치도,True,True,강원특별자치도,복지문화,취약계층 및 금융지원,소득·생활
20250502005400210768,1,3,9,22,54002,42002.0,44002,외국인유학생 시민화 사업,교육지원,춘천시에 거주 중인 외국인 유학생의 지역사회 정착 및 교류활성화를 위한 프로그램 운영,교육,미래역량강화,"춘천시에 거주 중인 외국인 유학생의 지역사회 정착 및 교류활성화를 위해 명예통역관 위촉, 시티투어 추진, 행정 인턴 프로그램 등을  운영하여 문화 체험, 행정 참여, 사회공헌 기회 제공",4181111,국제협력관,,       ,,,N,57002,56002.0,        ,        ,연례반복,," ○ 명예통역관 신규 위촉: 25. 3. 17. ~ 21.
 ○ 2025년 외국인 유학생 시티투어 추진: (상반기)마감 / (하반기)9월 예정(25. 9. 1. ~ 30.)
 ○ 외국인 유학생 행정 인턴 상반기 채용: 25. 9월말 예정)(25. 9. 15.~30.)
 ○ (외국인 유학생 합창단 운영)외국인 유학생 동아리 활동 지원사업으로 변경: 상시모집(25. 5월말 이후)
 ○ 겨울 의류 나눔 행사 계획 수립 및 추진: 2025. 10. ",,,,https://www.chuncheon.go.kr/cityhall/,,382.0,N,0.0,0.0,Y,55003.0,43001.0,0.0,0.0,,외국인 대학생(유학생),,33,4181000,강원특별자치도 춘천시,6530000,강원특별자치도,6530000,강원특별자치도,51110,0011009,0013010,0049005,,2025-04-02 10:00:52,2025-09-04 14:03:57,0014010,51110,강원특별자치도,True,True,강원특별자치도,교육,미래역량강화,교육·훈련
20250502005400210766,1,1,2,5,54002,42001.0,44002,청년농업인 육성지원 ,보조금,청년농업인 영농창업 초기 농지 등 농업창업기반 마련으로 조기 영농정착 도모,일자리,창업,"(취업농) 농업법인 취업자 지원, 팜쉐어(농지 임차비) 지원
(창업기반) 생산·유통, 제조·가공, 체험·관광 등 초기 창업기반 지원 ",6530000,강원특별자치도,,       ,,,N,57001,56001.0,20250401,20251231,,시군 홈페이지 참고,,,시군 홈페이지 참고,,,,25.0,N,18.0,40.0,N,55003.0,43001.0,0.0,0.0,,,,21,6530000,강원특별자치도,0000000,강원특별자치도,6530000,강원특별자치도,"51110,51130,51150,51170,51190,51210,51230,51720,51730,51750,51760,51770,51780,51790,51800,51810,51820,51830",0011009,0013010,0049010,20250101 ~ 20250331,2025-04-02 09:38:29,2025-06-26 15:23:28,0014006,51110,강원특별자치도,True,True,강원특별자치도,일자리,창업,취업·일자리
20250501005400210762,1,3,10,25,54002,42002.0,44002,법학전문대학원 장학금 지원,금리혜택,춘천시의 전문법률가 양성을 통한 지역경쟁력 강화 및 지역사회 환원,교육,미래역량강화,"관내 고교 출신 강원대학교 법학전문대학원생 장학금 지원
   - 상반기 5명, 하반기 5명 / 1인 5,000천원",4181080,경제진흥국,,       ,,,N,57001,56002.0,        ,        ,연례반복,겅원대학교에서 추천 후 선발,,,,,https://www.chuncheon.go.kr/cityhall/,,10.0,N,0.0,0.0,Y,55003.0,43001.0,0.0,0.0,,,,33,4181000,강원특별자치도 춘천시,6530000,강원특별자치도,6530000,강원특별자치도,51110,0011001,0013010,0049005,20250901 ~ 20250930,2025-04-01 17:35:17,2025-09-04 14:27:34,0014008,51110,강원특별자치도,True,True,강원특별자치도,교육,미래역량강화,교육·훈련
20250501005400210758,1,1,1,2,54002,42001.0,44002,청년농업인 영농창업기반 조성,교육지원,춘천시의 영농창업 청년농업인의 초기 자립기반 마련 부담 완화,일자리,취업,"영농창업 청년농업인에게 농축산물의 생산·가공·체험 등 영농기반·시설 구축 지원을 통해 초기 자립기반 마련 부담 완화, 농업경영 조기 안정정착 및 우수 농업경영 인력으로 육성을 목표로 함.",4181023,농업기술센터,,       ,,,N,57001,56002.0,        ,        ,연례반복,,,,,,https://www.chuncheon.go.kr/cityhall/,,2.0,N,19.0,45.0,N,55003.0,43001.0,0.0,0.0,,,,12,4181000,강원특별자치도 춘천시,6530000,강원특별자치도,6530000,강원특별자치도,51110,0011009,0013008,0049010,20250408 ~ 20250422,2025-04-01 16:31:34,2025-09-04 14:36:51,0014006,51110,강원특별자치도,True,True,강원특별자치도,일자리,취업,취업·일자리
20250501005400210756,1,1,1,2,54002,42002.0,44002,내일설계 프로젝트,맞춤형상담서비스,"근로능력과 근로의사가 있음에도 취업을 하지 못한 미취업자의 직업적 능력을 개발하고 
노동시장 진입 촉진을 위하여 취업활동 비용 지원",일자리,취업,"지원분야
- 취업활동비용 : 자격증 취득 교육비, 교재비, 재료비, 시험응시료 등
- 취업지원서비스 : 취업지원 프로그램, 구직활동지원 프로그램 ",4311011,지역경제과,,       ,,,N,57001,56001.0,20250301,20251231,,,,,,,,,0.0,N,0.0,0.0,Y,55003.0,43001.0,0.0,0.0,,,,15,4311000,강원특별자치도 화천군,6530000,강원특별자치도,6530000,강원특별자치도,51790,0011009,0013003,0049010,20250411 ~ 20250417,2025-04-01 16:09:58,2025-06-26 15:38:02,0014010,51790,강원특별자치도,True,True,강원특별자치도,일자리,취업,취업·일자리
20250501005400210755,1,1,2,5,54002,42006.0,44002,청년농업인 맞춤형 사업 지원,보조금,"- 청년농업인 안정적 영농기반 확보 등 효율적인 정착체계 구축
- 농업여건 변화에 대응하는 전문 농업경영인 육성으로 농업경쟁력 강화
",일자리,창업,"생산·유통, 제조·가공·상품화, 체험관광, 브랜드 개발, 마케팅 등 지원",4311027,농업기술센터,,       ,,,N,57003,56001.0,20250401,20251231,,,,,,,,,0.0,N,19.0,45.0,N,55003.0,43001.0,0.0,0.0,,,,10,4311000,강원특별자치도 화천군,6530000,강원특별자치도,6530000,강원특별자치도,51790,0011009,0013008,0049010,,2025-04-01 15:52:55,2025-06-26 15:38:32,0014006,51790,강원특별자치도,True,True,강원특별자치도,일자리,창업,취업·일자리
20250501005400210754,1,1,2,5,54002,42001.0,44002,청년농업인 경영실습 임대농장 조성,교육지원,춘천시에서 농업을 시작하고자 하는 청년농업인 경영실습을 위한 임대농장 운영,일자리,창업,"영농 경험이 부족한 청년에게 경영실습농장을 임대하여 시설(온실) 농업 운영 경험, 기술 등 영농 창업 기회 제공, 임대 농장을 활용해 창업 후의 실패 가능성을 최소화함",4181023,농업기술센터,,       ,,,N,57001,56002.0,        ,        ,연례반복,,,,,,https://www.chuncheon.go.kr/cityhall/,,2.0,N,18.0,40.0,N,55003.0,43001.0,0.0,0.0,,,,17,4181000,강원특별자치도 춘천시,6530000,강원특별자치도,6530000,강원특별자치도,51110,0011009,0013008,0049010,20250101 ~ 20250131,2025-04-01 15:29:33,2025-09-04 14:37:42,0014006,51110,강원특별자치도,True,True,강원특별자치도,일자리,창업,취업·일자리
20250430005400210740,1,1,2,5,54002,42001.0,44002,청년농업인 영농정착 지원,보조금,영농 초기 소득이 불안정한 청년농에게 생활안정자금 3년간 지급,일자리,창업,"독립경영 기간에 따라 영농정착지원금 차등 지급(1년 110만원, 2년 100만원, 3년 90만원)",1543000,농림축산식품부,,6530000,강원특별자치도,,N,57003,56001.0,20250401,20251231,,시군 홈페이지 참고,,,시군 홈페이지 참고,,,,666.0,N,18.0,40.0,N,55003.0,43003.0,0.0,0.0,건강보험료 소득판정기준 중위소득 140%이하,,"사업자 등록을 하고 사업체 경영, 공공기관·회사 등에 상근직원으로 채용되어 매월 보수를 받는 자 제외",18,6530000,강원특별자치도,0000000,강원특별자치도,6530000,강원특별자치도,"51110,51130,51150,51170,51190,51210,51230,51720,51730,51750,51760,51770,51780,51790,51800,51810,51820,51830",0011009,0013010,0049010,,2025-03-30 17:00:29,2025-06-26 15:57:23,0014010,51110,강원특별자치도,True,True,강원특별자치도,일자리,창업,취업·일자리
20250430005400210738,1,1,2,4,54002,42006.0,44002,강원 로컬벤처기업 육성,보조금,지역이 가지고 있는 고유의 잠재적 가치를 기반으로 사업적 모델을 창출하는 로컬벤처기업(업력 3~7년 미만 도약기 창업자) 육성,일자리,창업,"사업화 자금 지원(최대 30백만원), 도약기 창업자",6530000,강원특별자치도,,B553525,강원창조경제혁신센터,,N,57001,56001.0,20250101,20251231,,운영기관 홈페이지 참고,,https://ccei.creativekorea.or.kr/gangwon/main.do,운영기관 홈페이지 참고,,,,15.0,N,0.0,0.0,Y,55003.0,43001.0,0.0,0.0,,,,23,6530000,강원특별자치도,0000000,강원특별자치도,6530000,강원특별자치도,"51110,51130,51150,51170,51190,51210,51230,51720,51730,51750,51760,51770,51780,51790,51800,51810,51820,51830",0011009,0013010,0049010,20250217 ~ 20250309,2025-03-30 16:41:39,2025-06-26 15:58:00,0014010,51110,강원특별자치도,True,True,강원특별자치도,일자리,창업,취업·일자리
20250430005400210737,1,1,2,4,54002,42006.0,44002,G-스타트업 창업도약 지원,보조금,도약기(창업 3~7년) 창업기업의 데스벨리 극복을 통한 생존율 제고 및 매출 극대화를 위한 제품경쟁력 강화,일자리,창업,"사업화 자금지원(최대 30백만원), 사업모델 개선",6530000,강원특별자치도,,       ,,,N,57001,56001.0,20250101,20251231,,운영기관 홈페이지 참고,,https://ccei.creativekorea.or.kr/gangwon/main.do,운영기관 홈페이지 참고,,,,10.0,N,0.0,0.0,Y,55003.0,43001.0,0.0,0.0,,,,19,6530000,강원특별자치도,0000000,강원특별자치도,6530000,강원특별자치도,"51110,51130,51150,51170,51190,51210,51230,51720,51730,51750,51760,51770,51780,51790,51800,51810,51820,51830",0011009,0013010,0049010,20250106 ~ 20250126,2025-03-30 16:29:00,2025-06-26 15:58:27,0014010,51110,강원특별자치도,True,True,강원특별자치도,일자리,창업,취업·일자리
20250430005400210736,1,1,1,3,54002,42006.0,44002,청년근로자 근속장려금 지원,중소기업,관내 중소기업에서 정규직으로 2년 이상 재직 중인 청년근로자에게 근속장려금을 강릉사랑상품권으로 지급,일자리,재직자,근속장려금 50만 원 지급,4201000,강릉시,강릉시청 경제진흥과 청년정책팀,       ,,,N,57001,56001.0,20250101,20251231,,온라인 신청,사업공고(2월) - 사업참여 신청(2. 24. ~ 3. 7.) - 심사 및 승인(4월) - 근속장려금 지급 신청(5. 1. ~ 5. 16.) - 검토 및 지급(6월),https://www.gn.go.kr/yeyak/selectUserOnlineReceptionView.do?key=5540&programKey=19,,,https://www.gn.go.kr/yeyak/index.do,https://www.gn.go.kr/www/selectBbsNttView.do?key=258&bbsNo=12&nttNo=178860,100.0,Y,19.0,34.0,N,55003.0,43001.0,0.0,0.0,,,,1983,4201000,강원특별자치도 강릉시,6530000,강원특별자치도,6530000,강원특별자치도,51150,0011009,0013001,0049010,20250224 ~ 20250307,2025-03-30 16:00:38,2025-05-07 17:10:47,0014001,51150,강원특별자치도,True,True,강원특별자치도,일자리,재직자,취업·일자리
20250430005400210735,1,1,2,4,54002,42001.0,44002,G-스타트업 초기창업 지원,보조금,창업 1년 이상 3년 미만의 창업기업에 창업 초기에 필요한 교육지원 등 지속적인 사업화지원을 통해 청년사업가 창업 성공률 향상 도모,일자리,창업,"사업화 자금 지원(최대 40백만원), 전문 AC프로그램 운영 등 ",6530000,강원특별자치도,,B553525,강원창조경제혁신센터,,N,57001,56001.0,20250101,20251231,,운영기관 홈페이지 참고,,https://ccei.creativekorea.or.kr/gangwon/main.do,운영기관 홈페이지 참고,,,,15.0,N,0.0,0.0,Y,55003.0,43001.0,0.0,0.0,,,,24,6530000,강원특별자치도,0000000,강원특별자치도,6530000,강원특별자치도,"51110,51130,51150,51170,51190,51210,51230,51720,51730,51750,51760,51770,51780,51790,51800,51810,51820,51830",0011009,0013010,0049010,20250106 ~ 20250126,2025-03-30 13:29:44,2025-06-26 15:58:50,0014010,51110,강원특별자치도,True,True,강원특별자치도,일자리,창업,취업·일자리
20250327005400210659,1,3,9,21,54002,42013.0,44002,AI면접 및 역량검사 체험 지원,교육지원,청년 취업 역량 강화 지원,"일자리,교육","취업,미래역량강화","- AI면접 및 역량검사 체험 이용
- 개인별 결과 분석 및 녹화영상 제공, 면접 학습지원
- AI 이용 자기소개서 작성 ‧ 첨삭
- NCS 자료 및 대기업 인적성검사 자료 제공",4191000,원주시,,       ,,,N,57001,56001.0,20250304,20251231,,"❍ 신청방법
   - 방  문: 원주시청 2층, 복지정책과 청년정책팀
             ※평일 09:00~18:00, 점심시간(12:00~13:00) 제외
   - 온라인: 원주시 청년지원센터 홈페이지 접속 → 프로그램 신청
❍ 제출서류: 신청서 1부, 개인정보 수집 · 이용 동의서 1부, 주민등록초본 1부
   - 주민등록초본: 주민등록번호 뒷자리 및 주소변동사항 미포함, 신청일 기준 1개월 이내 발급분
❍ 이용기간: 이용권 수령일~2025. 12. 31.까지
   - 문자 통보 즉시 이용 가능
❍ 이용권 제공 시기
   - 월~금요일 16시 이전 신청 시: 신청 당일 문자 전송
   - 토, 일요일 및 공휴일 신청 시: 다음 근무일에 문자 전송",,https://www.wonju.go.kr/wjyouth/viewTnWjyouthProgrmU.do?progrmNo=35&key=5942,"신청서 1부, 개인정보 수집 · 이용 동의서 1부, 주민등록초본 1부
  - 주민등록초본: 주민등록번호 뒷자리 및 주소변동사항 미포함, 신청일 기준 1개월 이내 발급분",,,,300.0,Y,18.0,39.0,N,55003.0,43001.0,0.0,0.0,,,,77,4191000,강원특별자치도 원주시,6530000,강원특별자치도,6530000,강원특별자치도,51130,0011009,0013010,0049010,20250304 ~ 20251231,2025-03-27 10:52:21,2025-03-27 15:29:00,0014010,51130,강원특별자치도,True,True,강원특별자치도,"일자리,교육","취업,미래역량강화",취업·일자리
20250324005400210650,1,4,16,42,54002,42005.0,44002,청년공간 열림 운영,교육지원,"청년공간 시설관리 및 대관, 청년네트워크 활성화 및 커뮤니티 활동 지원(청년동아리 활동비 지원), 청년 역량강화 및 수요자 맞춤형 특화프로그램 기획 운영(매월 프로그램 운영_홈페이지 신청 가능), 청년 취창업 교육, 문화활동, 심리상담 프로그램 운영, 자격증취득 지원 등",복지문화,문화활동,"1.공간 대관
2.면접정장,구두 대여
3.자격증비(어학) 지원
4.심리상담(정신건강) 지원
5.요가활동(몸건강) 지원
6.셀프베이킹 활동 _공유주방 이용
7.청년동아리 활동지원(활동비, 홍보 등)
8.청년협의체 운영(네트워크)
9.청년의날 행사 운영(9월)
10.일회성,다회성 프로그램 운영(※ 매월 홈페이지 공지, 접수 (선착순))",4211000,동해시,이혜영,C668002,산학협력단,,Y,57002,56001.0,20250101,20251231,,청년공간 열림 홈페이지 신청,,,,,,,0.0,N,18.0,45.0,N,55003.0,43001.0,0.0,0.0,,열림 홈페이지 참조,열림 홈페이지 참조,274,4211000,강원특별자치도 동해시,6530000,강원특별자치도,6530000,강원특별자치도,51170,0011009,0013010,0049010,,2025-03-24 11:23:16,2025-03-27 15:35:40,0014010,51170,강원특별자치도,True,True,강원특별자치도,복지문화,문화활동,소득·생활
20250211005400210415,1,1,2,5,54002,42004.0,44002,2025년 강원혁신도시 소외상권 활성화 지원(임차료 등) 사업,"청년가장,장기미취업청년,중소기업,벤처","청년창업자 임차료 지원(마케팅, 컨설팅, 필수기자재 지원)
- 임차료 월 30만원(최대 12개월)
- 마케팅 최초1회 최대 50만원
- 전문가 경영컨설팅 2시간
- 업종에 따른 필수기자재 일부 지원",일자리,창업,"청년창업자들의 강원혁신도시 사업대상지 내 공실상가 임차 지원
- 강원자치도 주민등록자로  18~45세(생일기준) 이하 청년창업자
- 창업을 준비중인 예비창업자
- 공고일 기준 폐업 후 1개월이 지난 자
- 2025.1.1. 이후 사업대상지에 사업자등록 후 운영중인 자",B555221,재단법인강원혁신도시발전지원센터,혁신도시사업팀,       ,,,N,57001,56001.0,20250101,20251231,,"홈페이지 공고문 확인, 방문신청
",(1차)서면심사 및 (2차)대면심사,https://www.gicc.or.kr/bbs/board.php?bo_table=sub05_01&wr_id=190,세부사항 공고문 참조,,,,6.0,N,18.0,45.0,N,55003.0,43003.0,0.0,0.0,재산세 납부 기준에 따른 심사 적용,,공고문 참조,275,B555221,재단법인강원혁신도시발전지원센터,B000000,정부산하기관및위원회,B000000,정부산하기관및위원회,"51110,51130,51150,51170,51190,51210,51230,51720,51730,51750,51760,51770,51780,51790,51800,51810,51820,51830",0011009,0013010,0049010,20250228 ~ 20250321,2025-02-11 16:00:31,2025-02-28 11:11:33,0014010,51110,강원특별자치도,True,True,강원특별자치도,일자리,창업,취업·일자리
20240422005400200098,1,1,3,7,54002,42006.0,44002,청년근로자 복리후생 지원,"교육지원,금리혜택",춘천시내 중소기업에 재직하는 청년 근로자의 복지향상과 청년이 일하기 좋은 도시 구현을 위해 복리후생을 지원,"일자리,복지문화","재직자,건강","천시 소재 중소기업에서 3개월 이상 재직중(정규직)이며, 춘천시에   주소지를 두고 있는 기준중위소득 130% 이하 청년(만 19~39세)에게 건강 관리, 여가 활동, 자기계발 등의 목적으로 사용할 수 있는 춘천사랑상품권을 1인당 100만원 * 2회 분할지급, 생애 1회",4181083,춘천시 기업지원과 일자리창출팀,,4181000,춘천시,,N,57001,56002.0,        ,        ,연례반복,"① “우리도” 모바일 앱 설치 및 회원가입
 - Android(Play스토어) 또는 Apple(앱스토어) 실행 후 “우리도”검색·설치
 - 휴대전화 번호 인증 ⇒ 프로필 설정 
 ② 본인 인증(도민증 발급) ※ 본인 명의 휴대폰으로 신청
 - 도민증 발급 선택 ⇒ 발급 시작 및 이용약관 동의 ⇒ 휴대폰 본인인증 ⇒ 인증 내용 확인 ⇒ 주민번호 인증 및 발급 요청 ⇒ 도민증 보안설정 ⇒ 도민증 발급 완료 
 ③ 앱 하단 ‘서비스’선택 ⇒「2024 춘천시 청년근로자 복리후생 지원 사업」설명 페이지에서 내용 확인 후‘이용약관 동의’,‘신청하기’버튼 누름  
 ④ 본인 인증 후 신청·대상 정보 확인 및 선택 후 신청서 작성   
 - 신청자 체크리스트 및 개인정보활용 동의서 확인 및 체크
 ⑤ “우리도”앱에서 적격여부 검증
 - 연령, 주민등록상 주소지, 건강보험료 부과액·납부액, 고용보험, 건강보험 취득일 및 상실여부
 ⑥ 첨부파일 업로드 
 가) 근로계약서 * 공고일 기준 3개월 이상 근무 및 기간 정함이 없는 근로자 확인
 나) 근무처 사업자등록증(춘천 소재지 명기된 것)
 다) 직장가입자 개인별 건강보험료 산출내역(2024년) 캡처본
 * 조회 방법: 국민건강보험>보험료조회/납부>직장보험료 조회
 라) 중소기업확인서(중소기업기본법 제2조 1항 2~5호 기업 또는 조합의 경우) 
 * 발급 방법: 중소기업현황정보시스템(SMINFO)>중소기업확인서 발급신청
",대상자 선정: 2025. 6. 17.(화),,"우리도' 앱을 통해 본인인증 후
근로계약서, 재직처 사업자등록증, 직장가입자 개인별 건강보험료 산출내역, 중소기업 확인서",,https://www.chuncheon.go.kr/cityhall/administrative-info/notice-info/legislative-notice/view/?notAncmtMgtNo=64747&pageIndex=1#lnk,,150.0,N,19.0,39.0,N,55003.0,43001.0,,,,,"ㅇ 춘천시 청년근로자 복리후생 지원사업으로 지원받은 자(1차 지원만 받은 경우도 포함)
ㅇ 외국인, 해외파견자, 휴직자(육아휴직 포함)
ㅇ 병역 복무 이행자(현역, 사회복무요원, 전문연구요원, 산업기능요원 등)
ㅇ 기간제근로자 및 일시사역을 위해 취업한 근로자
ㅇ「중소기업 인력지원 특별법」제3조 및 같은법 시행령 제2조에서 정하는 업종 종사자
- 지원제외업종[붙임2]: 일반유흥 주점업, 무도유흥 주점업, 기타 주점업, 기타 사행시설 관리 및 운영업, 무도장 운영업 등
ㅇ「중소기업기본법」제2조에 따른 중소기업 범위[붙임1]에 해당하지 않는 기업 종사자
- 비영리목적 개인사업자: 어린이집, 관리사무소 등
- 비영리법인 및 단체, 조합, 협회: 민법·특별법에 따른 종교법인, 학교법인, 의료법인, 사회복지법인, 재단법인, 비영리법인 등  
※ 중소기업기본법 제2조 1항 2~5호에 해당하는 기업 또는 조합으로 중소기업 확인서를 제출하는 경우 신청 가능
(중소기업확인서 발급: 중소기업현황정보시스템(SMINFO))
ㅇ「공공기관의 운영에 관한 법률」 제4조(공공기관), 「지방공기업법」 제2조(적용범위),
「지방자치단체 출자·출연 기관의 운영에 관한 법률」 제2조(적용대상)에 속하는 기관, 단체",33,4181000,강원특별자치도 춘천시,6530000,강원특별자치도,6530000,강원특별자치도,51110,0011009,0013001,0049010,20240421 ~ 20240509,2024-04-22 17:41:38,2025-09-08 14:33:14,0014010,51110,강원특별자치도,True,True,강원특별자치도,"일자리,복지문화","재직자,건강",취업·일자리
20240322005400200007,1,4,13,32,54002,42013.0,44002,2025년 춘천형 일자리 안심공제 지원사업 참여자 모집 공고,"금리혜택,바우처","춘천시 내 중소,중견기업 근로자의 장기재직을 유도하고 기업의 경쟁력을 강화하기 위 ""춘천형 일자리 안심공제"" 지원사업",복지문화,취약계층 및 금융지원,"월 50만원*을 5년간 적립 후 만기 시 적립금(3천만원+이자) 근로자에게 지급* 공제부금: 기업 15만원, 근로자 15만원 / 지원금: 춘천시 20만원",4181083,춘천시 기업지원과,,B555091,강원특별자치도경제진흥원,,N,57003,56001.0,        ,        ,,온라인 신청(내일채움공제 홈페이지),-,https://www.sbcplan.or.kr/intro.do,-,-,https://www.chuncheon.go.kr/cityhall/administrative-info/notice-info/notice-announcement/view/?notAncmtMgtNo=63287#lnk,,585.0,N,,,Y,,,,,,-,"□ 기 업
○ 지원제외 업종(품목코드) - 일반 유흥주점업(56211), 무도 유흥주점업(56212), 기타 주점업(56219), 기타 사행시설 관리 및 운영업(91249), 무도장 운영업(91291) 등
○ 사업자등록을 하지 않은 기업
○ 휴·폐업 중인 기업
○ 국세·지방세를 체납 중인 기업
○「중소기업기본법」제2조제1항에 따른 중소기업이 아닌 기업
○ 공제금·해지환급금의 부정수급 시도 등의 사유로 공제계약을 해지한 후 1년이경과 되지 아니한 기업 및 부정수급을 안 날로부터 2년이 미경과 하거나, 보조금법 등에 의한 환수급액을 반환하지 않은 기업
□ 근로자
○ 해당 기업의 대표자
※ 대표로 선출된 근로자 포함
○ 위에 해당하는 자의 배우자, 직계 존·비속 관계에 있는 자(형제·자매 가능)
○ 등기임원인 자 중 고용·산재보험 미가입자(근로자가 아닌 자)
○ 신청일 기준 정부 및 지방자치단체에서 시행 중인 근로자에게 직접 지원하는 자산형성 지원성격의 사업에 참여 중인 자
※ 중복관리 대상사업: 강원내일채움공제, 청년내일채움공제, 청년재직자플러스공제, 강원청년 디딤돌 두배 적금, 강원형 일자리 안심공제 등
○ 대한민국 국적을 보유하지 않은 외국인
○ 정년이 있는 기업의 경우, 정년까지의 근무기간이 5년 미만인 자
○ 공제금, 해지환급금의 부정수급 시도 등의 사유로 중소벤처기업진흥공단이 공제계약을 해지한 후 1년이 경과되지 아니한 자8) 세법에 따라 사업자 등록을 한 자",112,4181000,강원특별자치도 춘천시,6530000,강원특별자치도,6530000,강원특별자치도,51110,0011009,0013001,0049010,,2024-03-22 15:08:49,2025-09-08 14:13:21,0014010,51110,강원특별자치도,True,True,강원특별자치도,복지문화,취약계층 및 금융지원,소득·생활
20231102005400200007,1,1,1,1,54002,42004.0,44002,2025년 강릉시 청년창업 희망키움 사업,교육지원,강릉지역 청년 (예비)창업자 모집공고강릉지역 창업 3년 미만의 청년(예비) 창업기업을 대상으로 성장 및 고용 창출을 위한 사업화 지원,일자리,취업,"- 창업 사업화 자금 1,000만원~최대 1,600만원 지원 
  * (1단계) 초기사업비 1,000만원 
  * (2단계) 성장사업비 1,000만원 
- 창업교육(10시간) 및 전문가 멘토링(2회)
- 전문가 및 선배기업간 네트워킹- 업무를 위한 공유공간 비즈스퀘어 이용 지원",       ,강릉시 경제진흥과,손고은,       ,강릉시 경제진흥과,,N,57001,56001.0,20250301,20251231,,참가신청서 및 제출서류를 이메일(kkilwon@gwnu.ac.kr) 또는 방문(우편) 제출,"- 서류심사: 2025. 3.
- 최종선정 및 협약: 2025. 4.",https://www.gn.go.kr/www/selectBbsNttView.do?key=258&bbsNo=12&nttNo=179586,강릉시 홈페이지 확인,-,,,6.0,N,18.0,45.0,N,55003.0,43001.0,,,,-,강릉시 홈페이지 확인,445,4201000,강원특별자치도 강릉시,6530000,강원특별자치도,6530000,강원특별자치도,51150,0011009,"0013002,0013006",0049010,20250301 ~ 20250328,2023-11-02 14:32:00,2025-04-30 15:50:24,0014010,51150,강원특별자치도,True,True,강원특별자치도,일자리,취업,취업·일자리
